REF_AREA,TIME_PERIOD,IMF_WEO_LUR,IMF_WEO_LP,IMF_WEO_PCPIPCH,IMF_WEO_TM_RPCH,IMF_WEO_TX_RPCH,IMF_WEO_BCA_NGDPD,IMF_WEO_NGSD_NGDP,IMF_WEO_NGAP_NPGDP,IMF_WEO_NGDP_RPCH,GDP_accel_tplus1,Decel_flag_tplus1
AUT,1980,1.6,7.54,6.325,6.17,5.227,-4.776,25.919,0.785,2.314,-2.4130000000000003,1
AUT,1981,2.2,7.556,6.807,-0.771,5.063,-4.338,24.598,-1.579,-0.099,2.007,0
AUT,1982,3.1,7.565,5.44,-4.667,1.591,1.003,23.647,-1.475,1.908,0.8959999999999999,0
AUT,1983,3.7,7.543,3.335,5.691,3.638,0.389,21.978,-0.502,2.804,-2.472,1
AUT,1984,3.8,7.544,5.665,10.05,6.334,-0.266,23.015,-2.322,0.332,1.9109999999999998,0
AUT,1985,3.6,7.549,3.19,6.156,7.1,-0.23,22.998,-2.088,2.243,0.09800000000000031,0
AUT,1986,3.1,7.557,1.737,-2.911,-2.348,0.21,23.096,-1.456,2.341,-0.6600000000000001,1
AUT,1987,3.8,7.567,1.408,5.447,3.101,-0.216,23.305,0.202,1.681,-0.7200000000000001,1
AUT,1988,2.676,7.576,1.868,10.4,10.2,-0.181,23.834,-1.364,0.961,2.926,0
AUT,1989,2.348,7.594,2.249,10.158,10.544,0.186,25.014,-0.22,3.887,0.4590000000000001,0
AUT,1990,2.723,7.645,2.777,7.98,8.572,0.699,25.732,1.359,4.346,-0.9039999999999999,1
AUT,1991,3.151,7.711,3.116,5.114,2.937,0.035,25.263,2.184,3.442,-1.3480000000000003,1
AUT,1992,3.29,7.799,3.426,2.116,1.319,-0.385,24.227,1.546,2.094,-1.5669999999999997,1
AUT,1993,3.958,7.883,3.234,-5.489,-2.373,-0.532,22.927,-0.567,0.527,1.875,0
AUT,1994,3.85,7.929,2.711,10.332,5.688,-1.467,22.855,-0.785,2.402,0.266,0
AUT,1995,4.242,7.948,1.611,5.905,7.205,-2.86,23.979,-0.731,2.668,-0.27,1
AUT,1996,4.717,7.959,1.771,8.642,9.979,-2.838,23.499,-0.676,2.398,-0.30400000000000027,1
AUT,1997,4.758,7.968,1.167,7.27,11.028,-2.546,23.668,-0.385,2.094,1.487,0
AUT,1998,4.708,7.977,0.817,5.758,7.852,-1.852,24.253,0.617,3.581,-0.02499999999999991,1
AUT,1999,4.142,7.992,0.516,4.064,6.434,-2.261,23.857,1.105,3.556,-0.18000000000000016,1
AUT,2000,3.883,8.012,1.956,10.186,13.525,-0.706,25.221,1.688,3.376,-2.109,1
AUT,2001,4.008,8.042,2.302,5.192,5.771,-0.796,24.365,0.768,1.267,0.385,0
AUT,2002,4.392,8.082,1.681,0.291,4.286,2.102,25.745,0.276,1.652,-0.711,1
AUT,2003,4.792,8.118,1.302,3.507,0.531,1.548,25.957,-1.202,0.941,1.794,0
AUT,2004,5.892,8.169,1.964,7.975,8.661,2.076,26.137,-0.759,2.735,-0.49099999999999966,1
AUT,2005,6.033,8.225,2.102,5.455,6.665,2.258,26.084,-0.522,2.244,1.21,0
AUT,2006,5.633,8.268,1.686,5.855,7.576,3.295,26.905,0.935,3.454,0.2729999999999997,0
AUT,2007,5.192,8.295,2.2,5.635,7.572,3.802,28.387,2.611,3.727,-2.267,1
AUT,2008,4.433,8.322,3.23,0.954,2.171,4.49,28.957,2.731,1.46,-5.225,1
AUT,2009,5.717,8.341,0.406,-11.899,-14.368,2.596,25.372,-1.295,-3.765,5.602,0
AUT,2010,5.183,8.361,1.691,11.97,13.131,2.855,25.463,-0.672,1.837,1.086,0
AUT,2011,4.892,8.389,3.542,5.954,5.935,1.631,25.771,1.09,2.923,-2.243,1
AUT,2012,5.242,8.426,2.569,0.924,1.438,1.483,25.46,0.69,0.68,-0.654,1
AUT,2013,5.35,8.477,2.118,0.694,0.641,1.943,25.666,-0.34,0.026,0.635,0
AUT,2014,6.042,8.544,1.465,2.957,2.888,2.474,26.006,-0.96,0.661,0.35399999999999987,0
AUT,2015,6.15,8.63,0.81,3.63,3.049,1.725,25.531,-0.923,1.015,0.9740000000000002,0
AUT,2016,6.475,8.74,0.972,3.726,2.988,2.724,26.981,-0.496,1.989,0.2699999999999998,0
AUT,2017,5.933,8.815,2.228,5.289,4.898,1.374,26.213,0.201,2.259,0.16599999999999993,0
AUT,2018,5.208,8.885,2.122,5.348,5.198,0.905,26.631,0.976,2.425,-0.9739999999999998,1
AUT,2019,4.808,8.859,1.495,2.248,4.06,2.385,27.734,0.705,1.451,-8.084,1
AUT,2020,5.475,8.901,1.391,-10.02,-10.57,3.442,29.069,-2.066,-6.633,10.871,0
AUT,2021,6.175,8.932,2.756,14.328,9.127,1.646,29.306,-2.335,4.238,0.5679999999999996,0
BEL,1980,8.3,9.855,6.656,-1.5,1.3,-3.999,19.837,-0.318,4.444,-4.723,1
BEL,1981,10.0,9.863,7.626,-1.734,3.578,-4.094,17.417,-2.153,-0.279,0.874,0
BEL,1982,11.5,9.855,8.723,1.872,3.555,-2.898,16.597,-3.149,0.595,-0.283,1
BEL,1983,10.742,9.858,7.663,-0.968,3.859,-0.584,16.305,-4.465,0.312,2.1540000000000004,0
BEL,1984,10.825,9.853,6.348,6.161,5.595,-0.067,17.518,-3.896,2.466,-0.8140000000000003,1
BEL,1985,10.117,9.858,4.868,0.553,0.228,0.799,17.599,-4.125,1.652,0.17100000000000004,0
BEL,1986,10.05,9.859,1.296,3.899,2.288,2.622,18.718,-4.325,1.823,0.484,0
BEL,1987,9.808,9.865,1.554,6.837,4.561,1.926,19.677,-4.176,2.307,2.416,0
BEL,1988,8.833,9.876,1.162,10.74,10.295,2.277,22.185,-2.024,4.723,-1.254,1
BEL,1989,7.367,9.928,3.105,10.041,8.776,2.255,23.474,-1.024,3.469,-0.33199999999999985,1
BEL,1990,6.558,9.948,3.453,4.837,4.579,1.817,23.647,-0.356,3.137,-1.304,1
BEL,1991,6.45,9.987,3.167,2.807,2.789,2.319,22.736,-0.838,1.833,-0.30200000000000005,1
BEL,1992,7.092,10.022,2.26,3.146,2.379,2.914,23.056,-1.514,1.531,-2.493,1
BEL,1993,8.625,10.068,2.487,0.54,0.887,5.144,24.409,-4.413,-0.962,4.189,0
BEL,1994,9.75,10.101,2.394,7.353,8.998,5.28,25.628,-3.561,3.227,-0.8420000000000001,1
BEL,1995,9.683,10.131,1.265,9.572,5.524,5.339,25.77,-0.782,2.385,-1.0639999999999998,1
BEL,1996,9.55,10.143,1.76,4.221,3.717,4.954,25.247,-1.613,1.321,2.473,0
BEL,1997,9.217,10.17,1.499,8.908,9.994,5.471,26.212,-0.279,3.794,-1.832,1
BEL,1998,9.342,10.192,0.901,5.561,4.759,5.12,26.086,-0.696,1.962,1.5810000000000002,0
BEL,1999,8.425,10.214,1.134,2.681,4.486,7.764,28.877,0.345,3.543,0.17399999999999993,0
BEL,2000,6.858,10.239,2.682,12.157,11.807,3.965,26.203,1.583,3.717,-2.617,1
BEL,2001,6.567,10.263,2.438,1.409,2.134,3.335,24.126,0.408,1.1,0.607,0
BEL,2002,7.525,10.31,1.552,7.384,7.974,4.501,25.249,-0.138,1.707,-0.669,1
BEL,2003,8.175,10.356,1.517,0.496,-0.302,3.398,24.362,-1.267,1.038,2.5330000000000004,0
BEL,2004,8.383,10.396,1.857,6.923,6.892,3.098,25.765,-0.044,3.571,-1.249,1
BEL,2005,8.475,10.446,2.539,4.986,4.367,1.995,25.676,0.086,2.322,0.22999999999999998,0
BEL,2006,8.267,10.511,2.331,5.253,4.408,1.85,25.821,0.565,2.552,1.125,0
BEL,2007,7.492,10.585,1.819,5.582,4.706,1.496,26.099,2.353,3.677,-3.23,1
BEL,2008,6.967,10.667,4.49,-2.067,-2.243,-1.006,24.931,1.381,0.447,-2.468,1
BEL,2009,7.992,10.753,-0.004,-12.226,-10.694,1.657,23.831,-1.798,-2.021,4.886,0
BEL,2010,8.383,10.84,2.329,7.079,8.248,1.624,24.751,-0.251,2.865,-1.1710000000000003,1
BEL,2011,7.233,11.001,3.344,4.947,4.349,-1.94,22.568,0.213,1.694,-0.955,1
BEL,2012,7.65,11.076,2.621,-1.372,-1.624,-0.081,23.609,-0.267,0.739,-0.27999999999999997,1
BEL,2013,8.567,11.138,1.252,0.743,2.709,0.955,23.383,-1.027,0.459,1.1199999999999999,0
BEL,2014,8.65,11.181,0.495,1.947,1.813,0.772,23.908,-0.748,1.579,0.46199999999999997,0
BEL,2015,8.658,11.237,0.623,0.993,1.291,1.383,25.011,-0.055,2.041,-0.774,1
BEL,2016,7.842,11.311,1.774,5.325,3.116,0.552,24.804,-0.062,1.267,0.3530000000000002,0
BEL,2017,7.117,11.352,2.222,-0.055,0.856,0.698,25.154,0.248,1.62,0.17299999999999982,0
BEL,2018,5.975,11.399,2.309,1.33,0.737,-0.914,24.502,0.728,1.793,0.4480000000000002,0
BEL,2019,5.375,11.456,1.249,-0.383,0.048,0.098,25.108,1.645,2.241,-7.502000000000001,1
BEL,2020,5.575,11.522,0.421,-6.619,-6.399,1.412,25.637,-4.748,-5.261,12.112,0
BEL,2021,6.267,11.555,3.21,15.292,14.718,1.309,27.041,-0.096,6.851,-3.841,1
CYP,1980,2.8,0.509,13.518,4.353,9.317,-11.164,28.651,2.619,5.92,-2.8689999999999998,1
CYP,1981,2.8,0.515,10.745,-8.907,-1.636,-7.664,29.564,-0.517,3.051,3.2279999999999998,0
CYP,1982,2.8,0.521,6.433,1.698,-2.302,-7.683,27.407,-0.446,6.279,-0.9719999999999995,1
CYP,1983,3.3,0.528,5.05,-4.395,-3.337,-8.835,23.935,-1.278,5.307,3.5299999999999994,0
CYP,1984,3.3,0.535,5.992,4.753,0.473,-9.057,27.995,1.158,8.837,-4.090999999999999,1
CYP,1985,3.3,0.541,5.034,-8.332,-4.628,-6.904,26.724,-0.209,4.746,-1.1630000000000003,1
CYP,1986,3.7,0.548,1.218,-2.115,7.845,-0.57,27.087,-2.696,3.583,3.556,0
CYP,1987,3.4,0.554,2.679,8.809,10.512,-0.193,24.642,-1.995,7.139,1.178,0
CYP,1988,2.8,0.559,3.433,19.195,17.036,-2.344,24.651,-0.24,8.317,-0.22900000000000098,1
CYP,1989,2.3,0.568,3.766,14.134,10.906,-5.074,25.439,1.496,8.088,-0.685999999999999,1
CYP,1990,1.8,0.579,4.503,7.792,7.735,-2.571,22.693,2.948,7.402,-6.662,1
CYP,1991,3.0,0.595,5.04,1.619,-7.558,-6.784,17.543,-1.698,0.74,8.625,0
CYP,1992,1.825,0.611,6.501,19.158,18.919,-8.596,18.184,2.094,9.365,-8.664,1
CYP,1993,2.7,0.626,4.889,-25.485,-10.878,1.546,23.993,-2.172,0.701,5.198,0
CYP,1994,2.7,0.639,4.66,8.727,7.042,0.929,24.624,-1.359,5.899,4.0249999999999995,0
CYP,1995,2.6,0.645,2.612,-17.329,-20.225,-2.065,25.978,3.379,9.924,-8.676,1
CYP,1996,3.1,0.656,2.582,7.872,3.059,-4.67,20.978,-0.692,1.248,1.393,0
CYP,1997,3.4,0.666,3.308,0.885,3.517,-4.384,20.716,-3.064,2.641,3.4699999999999998,0
CYP,1998,3.4,0.675,2.338,1.909,1.85,2.846,23.073,-1.996,6.111,-1.1129999999999995,1
CYP,1999,3.6,0.683,1.136,3.308,8.931,-1.622,19.316,-1.779,4.998,0.968,0
CYP,2000,4.842,0.69,4.858,12.546,10.456,-4.899,16.06,-0.466,5.966,-2.015,1
CYP,2001,3.925,0.698,1.988,-0.193,2.177,-3.037,16.235,-0.841,3.951,-0.2280000000000002,1
CYP,2002,3.517,0.706,2.781,-0.355,-4.093,-3.444,18.632,-1.198,3.723,-1.0989999999999998,1
CYP,2003,4.108,0.714,3.978,-0.976,-1.394,-2.042,18.356,-2.338,2.624,2.4010000000000002,0
CYP,2004,4.625,0.723,1.896,6.946,2.49,-4.548,17.504,-0.91,5.025,-0.16999999999999993,1
CYP,2005,5.3,0.733,2.026,1.57,2.051,-5.315,17.171,0.73,4.855,-0.14100000000000001,1
CYP,2006,4.55,0.744,2.252,5.702,1.268,-6.287,18.232,2.678,4.714,0.3819999999999997,0
CYP,2007,3.925,0.758,2.171,10.463,5.28,-10.65,13.648,5.523,5.096,-1.448,1
CYP,2008,3.65,0.776,4.384,12.508,-0.65,-14.74,14.216,7.461,3.648,-5.664,1
CYP,2009,5.325,0.797,0.18,-15.324,-4.654,-6.688,16.186,3.915,-2.016,4.2989999999999995,0
CYP,2010,6.275,0.819,2.559,10.796,6.324,-10.704,13.259,5.261,2.283,-1.8659999999999999,1
CYP,2011,7.85,0.84,3.482,-2.592,7.015,-2.309,16.566,4.913,0.417,-3.8649999999999998,1
CYP,2012,11.8,0.862,3.088,-3.633,-0.575,-3.857,12.3,0.592,-3.448,-3.139,1
CYP,2013,15.85,0.866,0.38,-4.556,1.123,-1.471,11.422,-6.841,-6.587,4.811999999999999,0
CYP,2014,16.075,0.858,-0.268,7.719,6.292,-4.056,9.468,-9.623,-1.775,5.192,0
CYP,2015,14.9,0.847,-1.541,8.062,8.925,-0.447,13.185,-8.159,3.417,3.157,0
CYP,2016,12.95,0.848,-1.217,10.164,7.22,-4.184,13.178,-4.337,6.574,-0.8399999999999999,1
CYP,2017,11.05,0.855,0.683,14.303,10.982,-5.043,15.6,-1.608,5.734,-0.0860000000000003,1
CYP,2018,8.35,0.864,0.782,4.325,7.22,-3.957,15.33,-0.25,5.648,-0.11099999999999977,1
CYP,2019,7.075,0.876,0.545,9.503,8.724,-5.556,14.239,-0.2,5.537,-8.98,1
CYP,2020,7.575,0.888,-1.098,3.245,1.636,-9.968,10.991,-3.22,-3.443,13.353,0
CYP,2021,7.475,0.896,2.243,15.364,21.639,-6.072,13.367,1.36,9.91,-4.851,1
DEU,1980,3.359,76.843,5.447,3.087,5.451,-1.782,21.54,2.455,1.272,-1.162,1
DEU,1981,4.831,76.988,6.324,-2.961,7.201,-0.684,20.155,0.621,0.11,-0.898,1
DEU,1982,6.734,76.933,5.256,-0.758,3.748,0.866,20.14,-2.095,-0.788,2.343,0
DEU,1983,8.099,76.664,3.284,2.678,-0.511,0.666,21.089,-2.584,1.555,1.2710000000000001,0
DEU,1984,8.058,76.355,2.396,5.275,8.829,1.423,21.766,-1.996,2.826,-0.6339999999999999,1
DEU,1985,8.124,76.166,2.084,4.034,7.464,2.662,22.133,-2.172,2.192,0.22499999999999964,0
DEU,1986,7.834,76.219,-0.125,3.233,-1.204,4.024,23.679,-2.29,2.417,-0.9479999999999997,1
DEU,1987,7.843,76.233,0.242,4.584,0.742,3.709,22.885,-3.449,1.469,2.2670000000000003,0
DEU,1988,7.735,76.697,1.274,5.467,5.689,4.317,24.038,-2.564,3.736,0.1769999999999996,0
DEU,1989,6.79,77.463,2.778,8.592,10.261,4.689,25.348,-1.541,3.913,1.81,0
DEU,1990,6.155,78.949,2.687,10.768,11.355,3.131,24.341,1.268,5.723,-0.7119999999999997,1
DEU,1991,5.47,79.973,3.474,12.734,14.197,-1.422,24.35,2.574,5.011,-3.091,1
DEU,1992,6.592,80.5,5.046,2.287,-1.231,-1.183,24.077,2.545,1.92,-2.897,1
DEU,1993,7.775,80.946,4.476,-6.71,-6.012,-1.037,22.902,-0.661,-0.977,3.376,0
DEU,1994,8.425,81.147,2.717,8.267,8.003,-1.5,22.831,-0.326,2.399,-0.8580000000000001,1
DEU,1995,8.233,81.308,1.733,7.2,6.881,-1.246,23.081,-0.705,1.541,-0.725,1
DEU,1996,8.908,81.466,1.274,4.258,6.06,-0.676,22.586,-1.289,0.816,0.969,0
DEU,1997,9.658,81.51,1.507,9.289,12.389,-0.51,22.866,-0.976,1.785,0.2350000000000001,0
DEU,1998,9.383,81.446,0.596,8.921,7.069,-0.711,23.31,-0.543,2.02,-0.133,1
DEU,1999,8.558,81.423,0.647,8.606,4.934,-1.422,22.581,-0.096,1.887,1.017,0
DEU,2000,7.95,81.457,1.413,11.279,14.488,-1.761,22.726,1.272,2.904,-1.2169999999999999,1
DEU,2001,7.8,81.518,1.9,1.162,6.076,-0.368,22.592,1.545,1.687,-1.8880000000000001,1
DEU,2002,8.6,81.579,1.326,-2.578,4.229,1.891,22.667,0.325,-0.201,-0.502,1
DEU,2003,9.708,81.549,1.074,5.602,1.8,1.414,21.851,-1.41,-0.703,1.887,0
DEU,2004,10.333,81.456,1.78,6.93,10.38,4.52,24.359,-1.336,1.184,-0.45799999999999996,1
DEU,2005,11.008,81.337,1.928,6.233,7.012,4.673,24.159,-1.836,0.726,3.088,0
DEU,2006,10.042,81.174,1.775,11.523,12.833,5.772,26.343,0.389,3.814,-0.8319999999999999,1
DEU,2007,8.542,80.993,2.271,6.489,9.251,6.861,28.241,2.33,2.982,-2.023,1
DEU,2008,7.425,80.764,2.754,1.846,1.267,5.692,27.138,2.447,0.959,-6.654999999999999,1
DEU,2009,7.225,80.483,0.246,-9.721,-14.273,5.836,24.393,-3.87,-5.696,9.881,0
DEU,2010,6.575,80.285,1.119,12.634,14.033,5.744,25.81,-1.007,4.185,-0.27099999999999946,1
DEU,2011,5.517,80.276,2.482,7.453,8.528,6.213,27.848,1.328,3.914,-3.487,1
DEU,2012,5.083,80.426,2.159,0.541,3.572,7.129,26.845,0.235,0.427,0.0050000000000000044,0
DEU,2013,4.95,80.646,1.607,2.796,1.183,6.557,26.611,-0.843,0.432,1.7850000000000001,0
DEU,2014,4.708,80.983,0.769,3.874,4.679,7.224,27.594,-0.37,2.217,-0.73,1
DEU,2015,4.367,81.687,0.68,5.352,4.88,8.584,28.327,-0.371,1.487,0.7429999999999999,0
DEU,2016,3.908,82.349,0.367,4.378,2.292,8.62,28.587,0.119,2.23,0.4500000000000002,0
DEU,2017,3.567,82.657,1.702,5.722,5.559,7.834,28.797,0.972,2.68,-1.6960000000000002,1
DEU,2018,3.208,82.906,1.935,4.117,2.4,7.952,29.871,0.79,0.984,0.08699999999999997,0
DEU,2019,2.975,83.093,1.354,3.379,2.297,8.17,30.04,0.357,1.071,-4.9,1
DEU,2020,3.625,83.161,0.371,-8.903,-10.032,7.058,29.027,-3.136,-3.829,6.998,0
DEU,2021,3.575,83.196,3.212,8.76,9.488,7.704,30.921,-1.07,3.169,-1.365,1
ESP,1980,11.011,37.656,15.578,4.096,0.789,-2.297,19.856,-2.66,1.203,-1.611,1
ESP,1981,13.755,38.014,14.549,-3.606,11.283,-2.499,19.186,-4.738,-0.408,1.647,0
ESP,1982,15.77,38.217,14.416,4.926,5.573,-2.38,19.106,-5.201,1.239,0.4129999999999998,0
ESP,1983,17.215,38.397,12.174,-1.194,9.613,-1.42,19.429,-5.403,1.652,0.04600000000000004,0
ESP,1984,19.937,38.55,11.28,-1.334,12.036,1.21,20.462,-5.644,1.698,0.6640000000000001,0
ESP,1985,21.305,38.686,8.815,7.545,0.669,1.149,20.854,-5.423,2.362,1.0699999999999998,0
ESP,1986,20.907,38.798,8.795,17.189,0.23,1.463,21.772,-5.299,3.432,2.2769999999999997,0
ESP,1987,20.223,38.888,5.248,24.787,5.269,-0.012,21.516,-2.757,5.709,-0.4239999999999995,1
ESP,1988,19.238,38.971,4.837,16.087,3.815,-0.985,22.382,-0.536,5.285,-0.2810000000000006,1
ESP,1989,17.24,39.048,6.791,17.712,1.428,-2.789,21.898,1.504,5.004,-1.1569999999999996,1
ESP,1990,16.238,39.117,6.722,9.624,4.694,-3.37,21.552,2.505,3.847,-1.322,1
ESP,1991,16.313,39.221,5.934,10.339,8.252,-3.479,20.718,2.268,2.525,-1.674,1
ESP,1992,18.353,39.35,7.145,6.823,7.503,-3.4,18.88,0.427,0.851,-2.165,1
ESP,1993,22.64,39.473,4.569,-5.224,7.839,-1.985,19.289,-3.457,-1.314,3.649,0
ESP,1994,24.118,39.579,4.718,11.447,16.67,-2.164,19.051,-3.707,2.335,1.787,0
ESP,1995,22.9,39.672,4.674,11.275,8.31,-1.251,21.004,-2.279,4.122,-1.701,1
ESP,1996,22.08,39.764,3.599,8.822,10.318,-0.859,20.894,-3.867,2.421,1.4440000000000004,0
ESP,1997,20.61,39.869,1.877,13.272,14.99,-0.727,21.379,-2.936,3.865,0.6040000000000001,0
ESP,1998,18.605,40.008,1.764,14.845,8.018,-1.685,21.673,-1.66,4.469,0.2759999999999998,0
ESP,1999,15.64,40.215,2.235,13.657,7.479,-3.237,21.594,-0.63,4.745,0.30799999999999983,0
ESP,2000,13.857,40.554,3.484,10.822,10.244,-4.31,22.33,0.493,5.053,-1.121,1
ESP,2001,10.54,40.766,2.825,3.656,3.938,-4.375,22.084,1.385,3.932,-1.2029999999999998,1
ESP,2002,11.45,41.424,3.59,3.677,1.431,-3.73,22.954,1.366,2.729,0.2530000000000001,0
ESP,2003,11.485,42.196,3.103,6.038,3.565,-3.883,23.62,1.539,2.982,0.1429999999999998,0
ESP,2004,10.965,42.859,3.054,9.661,4.306,-5.482,22.803,1.948,3.125,0.528,0
ESP,2005,9.153,43.663,3.384,6.964,1.89,-7.254,22.133,2.899,3.653,0.44499999999999984,0
ESP,2006,8.453,44.361,3.561,8.214,4.73,-8.851,21.714,4.079,4.098,-0.49099999999999966,1
ESP,2007,8.233,45.236,2.843,8.242,7.599,-9.432,21.01,4.825,3.607,-2.718,1
ESP,2008,11.245,45.983,4.131,-5.508,-0.907,-8.903,19.551,3.272,0.889,-4.655,1
ESP,2009,17.855,46.368,-0.239,-18.303,-10.839,-4.088,19.215,-2.126,-3.766,3.931,0
ESP,2010,19.858,46.562,2.043,6.198,9.064,-3.656,18.648,-2.937,0.165,-0.979,1
ESP,2011,21.39,46.736,3.05,-0.587,8.176,-2.724,17.848,-4.251,-0.814,-2.148,1
ESP,2012,24.788,46.766,2.436,-5.836,0.93,0.086,18.522,-7.553,-2.962,1.5610000000000002,0
ESP,2013,26.095,46.593,1.53,-0.215,4.384,2.038,19.248,-8.95,-1.401,2.799,0
ESP,2014,24.443,46.455,-0.19,6.798,4.523,1.699,19.593,-7.788,1.398,2.439,0
ESP,2015,22.058,46.41,-0.629,5.078,4.316,2.025,21.012,-4.783,3.837,-0.7990000000000004,1
ESP,2016,19.635,46.45,-0.337,2.65,5.372,3.174,21.917,-2.776,3.038,-0.06099999999999994,1
ESP,2017,17.225,46.533,2.036,6.785,5.514,2.771,22.171,-1.075,2.977,-0.694,1
ESP,2018,15.255,46.729,1.736,3.92,1.723,1.878,22.346,-0.03,2.283,-0.2999999999999998,1
ESP,2019,14.105,47.105,0.78,1.288,2.213,2.106,22.936,0.442,1.983,-13.148,1
ESP,2020,15.533,47.356,-0.337,-15.013,-20.054,0.618,21.087,-8.504,-11.165,17.564999999999998,0
ESP,2021,14.785,47.331,3.008,14.917,13.496,0.761,22.351,-4.176,6.4,-0.6290000000000004,1
EST,1993,6.526,1.499,47.656,37.324,25.9,1.178,26.455,-0.384,-1.642,0.0,0
EST,1994,7.546,1.465,47.656,37.324,25.9,-6.587,19.485,-0.384,-1.642,3.7969999999999997,0
EST,1995,9.645,1.437,29.003,19.382,19.371,-4.04,20.299,-0.384,2.155,2.788,0
EST,1996,9.881,1.416,19.742,2.457,-2.468,-8.346,19.815,-1.575,4.943,8.107000000000001,0
EST,1997,9.634,1.4,9.311,11.986,12.281,-10.904,21.666,4.261,13.05,-8.71,1
EST,1998,9.831,1.386,8.782,11.339,10.426,-8.459,21.912,1.783,4.34,-4.765,1
EST,1999,12.201,1.39,3.098,-9.317,-3.639,-4.267,21.682,-3.671,-0.425,10.513,0
EST,2000,14.602,1.397,3.932,-5.352,-6.949,-5.41,23.065,0.136,10.088,-4.084,1
EST,2001,13.009,1.388,5.626,12.365,6.331,-7.1,22.482,-0.163,6.004,0.7670000000000003,0
EST,2002,11.227,1.379,3.588,13.285,2.821,-11.067,21.874,-0.702,6.771,0.8289999999999997,0
EST,2003,10.342,1.371,1.387,14.002,10.174,-12.87,22.329,-0.979,7.6,-0.7959999999999994,1
EST,2004,10.14,1.363,3.038,16.136,17.293,-11.922,22.733,-1.316,6.804,2.7219999999999995,0
EST,2005,8.031,1.355,4.117,16.7,19.923,-8.678,24.678,1.229,9.526,0.2400000000000002,0
EST,2006,5.912,1.347,4.444,20.703,9.529,-14.927,24.905,4.623,9.766,-2.1870000000000003,1
EST,2007,4.592,1.341,6.745,12.982,12.616,-14.86,25.149,8.188,7.579,-12.710999999999999,1
EST,2008,5.455,1.337,10.606,-6.159,0.897,-8.657,22.978,2.514,-5.132,-9.497,1
EST,2009,13.549,1.335,0.199,-30.604,-20.308,2.55,23.56,-9.526,-14.629,17.073,0
EST,2010,16.707,1.331,2.741,21.255,24.216,1.783,23.373,-5.23,2.444,4.819,0
EST,2011,12.325,1.327,5.08,27.189,24.173,1.316,26.883,0.866,7.263,-4.035,1
EST,2012,10.023,1.323,4.219,9.688,4.826,-1.897,27.459,1.739,3.228,-1.7700000000000002,1
EST,2013,8.628,1.318,3.247,2.446,2.801,0.292,27.521,0.455,1.458,1.5530000000000002,0
EST,2014,7.351,1.315,0.476,3.047,2.64,0.716,27.866,0.522,3.011,-1.1580000000000001,1
EST,2015,6.185,1.315,0.068,-1.887,-1.502,1.774,26.868,-0.495,1.853,1.3019999999999998,0
EST,2016,6.758,1.316,0.8,6.497,4.822,1.231,26.434,-0.634,3.155,2.637,0
EST,2017,5.763,1.317,3.651,3.991,4.832,2.264,28.727,1.22,5.792,-2.008,1
EST,2018,5.371,1.322,3.412,5.928,2.899,0.876,28.905,1.079,3.784,0.25,0
EST,2019,4.448,1.327,2.268,3.735,5.031,2.453,28.994,1.578,4.034,-4.999,1
EST,2020,6.806,1.33,-0.634,1.301,-5.454,-1.9,27.798,-2.0,-0.965,8.214,0
EST,2021,6.177,1.331,4.487,23.235,22.128,-2.592,28.454,2.6,7.249,-7.71,1
FIN,1980,5.288,4.771,11.602,8.552,8.098,-2.612,28.775,4.706,5.673,-4.379,1
FIN,1981,5.743,4.788,12.0,-4.588,5.804,-0.909,27.697,2.338,1.294,1.7930000000000001,0
FIN,1982,6.076,4.812,9.3,2.21,-1.87,-1.738,26.296,1.837,3.087,0.0349999999999997,0
FIN,1983,6.147,4.842,8.4,4.113,4.327,-2.202,26.118,1.779,3.122,0.09100000000000019,0
FIN,1984,5.928,4.87,7.0,0.918,6.527,-0.039,26.898,1.884,3.213,0.32399999999999984,0
FIN,1985,6.049,4.894,5.82,6.362,0.637,-1.434,26.113,2.002,3.537,-0.8109999999999999,1
FIN,1986,6.665,4.911,2.9,3.492,1.684,-0.941,25.665,2.086,2.726,0.8330000000000002,0
FIN,1987,4.9,4.926,4.082,8.79,2.757,-1.887,25.192,4.845,3.559,1.6520000000000001,0
FIN,1988,4.208,4.939,5.135,10.63,3.167,-2.466,27.496,8.012,5.211,-0.12400000000000055,1
FIN,1989,3.108,4.954,6.572,9.012,2.746,-4.867,27.338,10.272,5.087,-4.8759999999999994,1
FIN,1990,3.2,4.974,4.957,-0.341,1.653,-5.052,25.087,7.651,0.211,-6.097,1
FIN,1991,6.7,4.998,4.545,-13.319,-7.895,-5.356,18.737,-0.397,-5.886,2.591,0
FIN,1992,11.8,5.029,3.254,0.697,10.379,-4.663,16.41,-5.103,-3.295,2.633,0
FIN,1993,16.5,5.055,3.326,1.364,16.668,-1.461,17.123,-7.124,-0.662,4.626,0
FIN,1994,16.7,5.078,1.614,12.811,13.287,0.821,20.582,-5.223,3.964,0.25299999999999967,0
FIN,1995,15.5,5.099,0.398,8.188,8.751,3.829,24.115,-3.663,4.217,-0.5499999999999998,1
FIN,1996,14.6,5.117,1.063,7.234,5.763,3.515,23.696,-3.097,3.667,2.667,0
FIN,1997,12.7,5.132,1.217,11.88,14.028,4.752,26.452,-0.484,6.334,-0.8769999999999998,1
FIN,1998,11.5,5.147,1.349,8.47,8.872,4.706,27.667,1.024,5.457,-1.077,1
FIN,1999,10.275,5.16,1.31,4.287,11.337,4.845,27.2,1.449,4.38,1.3929999999999998,0
FIN,2000,9.875,5.171,2.952,14.862,16.104,7.158,30.973,3.247,5.773,-3.1639999999999997,1
FIN,2001,9.2,5.181,2.665,1.381,1.822,7.675,30.807,2.144,2.609,-0.9019999999999999,1
FIN,2002,9.175,5.195,2.007,4.293,3.985,7.818,29.828,0.538,1.707,0.29699999999999993,0
FIN,2003,9.075,5.206,1.29,4.108,-1.009,4.314,26.498,-0.504,2.004,1.988,0
FIN,2004,8.875,5.22,0.147,8.123,8.742,5.603,28.432,0.623,3.992,-1.2120000000000002,1
FIN,2005,8.475,5.237,0.774,11.182,6.95,2.877,27.435,0.896,2.78,1.2470000000000003,0
FIN,2006,7.775,5.256,1.275,6.59,9.814,3.931,27.889,2.785,4.027,1.2720000000000002,0
FIN,2007,6.95,5.277,1.583,7.382,8.986,4.028,29.544,6.173,5.299,-4.515000000000001,1
FIN,2008,6.425,5.3,3.916,7.966,6.601,2.543,27.755,5.444,0.784,-8.858,1
FIN,2009,8.325,5.326,1.634,-16.998,-20.114,1.996,23.431,-3.796,-8.074,11.26,0
FIN,2010,8.5,5.351,1.686,6.304,6.182,1.489,23.536,-1.303,3.186,-0.6389999999999998,1
FIN,2011,7.9,5.375,3.324,6.207,2.028,-1.44,22.568,0.64,2.547,-3.944,1
FIN,2012,7.8,5.401,3.162,1.125,0.233,-2.055,21.3,-1.24,-1.397,0.495,0
FIN,2013,8.325,5.427,2.216,0.125,0.574,-1.798,20.504,-2.773,-0.902,0.537,0
FIN,2014,8.825,5.451,1.209,-0.897,-1.952,-1.332,20.563,-3.693,-0.365,0.909,0
FIN,2015,9.575,5.472,-0.156,1.963,0.392,-0.937,20.748,-3.797,0.544,2.267,0
FIN,2016,8.975,5.487,0.389,5.721,3.893,-1.999,21.24,-1.841,2.811,0.3810000000000002,0
FIN,2017,8.825,5.503,0.839,4.314,8.822,-0.803,23.174,0.315,3.192,-2.0520000000000005,1
FIN,2018,7.425,5.513,1.169,5.732,1.503,-1.845,23.392,0.385,1.14,0.08400000000000007,0
FIN,2019,6.725,5.518,1.137,2.364,6.675,-0.3,23.763,0.479,1.224,-3.5789999999999997,1
FIN,2020,7.767,5.525,0.383,-6.157,-7.764,0.53,25.023,-2.57,-2.355,5.193,0
FIN,2021,7.625,5.534,2.066,6.132,6.16,0.414,24.485,-0.641,2.838,-1.5030000000000001,1
FRA,1980,6.349,53.731,13.057,2.622,2.702,-0.595,25.153,0.937,1.809,-0.74,1
FRA,1981,7.438,54.029,13.333,-1.397,4.853,-0.771,22.748,0.097,1.069,1.436,0
FRA,1982,8.069,54.335,11.978,3.562,-1.126,-2.062,21.736,0.54,2.505,-1.2639999999999998,1
FRA,1983,7.383,54.65,9.46,-2.699,4.742,-0.838,20.912,-0.243,1.241,0.2729999999999999,0
FRA,1984,8.458,54.895,7.674,3.402,6.771,-0.142,21.087,-0.815,1.514,0.10899999999999999,0
FRA,1985,8.7,55.157,5.831,4.744,2.114,-0.063,21.105,-1.333,1.623,0.7140000000000002,0
FRA,1986,8.875,55.411,2.539,6.665,-0.967,0.304,22.061,-1.629,2.337,0.22499999999999964,0
FRA,1987,9.15,55.682,3.289,7.672,2.795,-0.476,21.787,-1.687,2.562,2.1810000000000005,0
FRA,1988,8.842,55.966,2.701,8.444,8.462,-0.457,22.886,0.009,4.743,-0.399,1
FRA,1989,8.7,56.27,6.569,8.068,9.778,-0.452,23.817,1.716,4.344,-1.4200000000000004,1
FRA,1990,8.4,56.577,0.323,5.042,4.146,-0.776,23.634,2.077,2.924,-1.876,1
FRA,1991,8.617,56.841,3.406,2.956,6.277,-0.486,23.116,0.968,1.048,0.5509999999999999,0
FRA,1992,9.442,57.111,2.455,1.767,5.95,0.273,22.233,0.411,1.599,-2.2279999999999998,1
FRA,1993,10.267,57.369,2.234,-3.319,0.395,0.694,20.237,-2.042,-0.629,2.987,0
FRA,1994,10.667,57.565,1.667,8.863,8.159,0.585,20.902,-1.678,2.358,-0.2509999999999999,1
FRA,1995,10.508,57.753,1.768,7.523,8.854,0.458,20.971,-1.473,2.107,-0.6940000000000002,1
FRA,1996,10.833,57.936,2.081,2.446,4.268,1.205,20.828,-2.179,1.413,0.9229999999999998,0
FRA,1997,10.892,58.116,1.267,7.976,13.039,3.717,23.169,-2.126,2.336,1.2530000000000001,0
FRA,1998,10.692,58.299,0.677,11.9,8.813,3.688,24.368,-1.008,3.589,-0.16800000000000015,1
FRA,1999,10.442,58.497,0.575,6.951,5.112,4.433,25.797,-0.191,3.421,0.5030000000000001,0
FRA,2000,9.175,58.858,1.815,15.353,12.886,1.099,23.588,1.487,3.924,-1.94,1
FRA,2001,8.458,59.267,1.784,2.382,3.072,1.575,23.74,1.245,1.984,-0.8480000000000001,1
FRA,2002,8.275,59.686,1.938,1.946,1.997,1.148,22.464,0.437,1.136,-0.31299999999999994,1
FRA,2003,8.517,60.102,2.169,0.894,-0.959,0.836,22.022,-0.591,0.823,2.007,0
FRA,2004,8.883,60.505,2.335,6.204,5.358,0.533,22.422,0.013,2.83,-1.167,1
FRA,2005,8.883,60.963,1.888,6.32,3.976,0.104,22.556,0.014,1.663,0.7859999999999998,0
FRA,2006,8.858,61.4,1.893,5.601,5.998,0.253,23.491,1.018,2.449,-0.02400000000000002,1
FRA,2007,8.017,61.795,1.608,5.756,2.791,-0.102,24.063,2.003,2.425,-2.17,1
FRA,2008,7.442,62.135,3.16,1.295,0.441,-0.696,23.433,1.097,0.255,-3.128,1
FRA,2009,9.117,62.466,0.101,-9.355,-10.898,-0.55,20.783,-2.508,-2.873,4.822,0
FRA,2010,9.267,62.765,1.738,8.893,8.695,-0.629,21.318,-1.786,1.949,0.244,0
FRA,2011,9.208,63.07,2.287,5.837,6.364,-0.86,22.361,-0.768,2.193,-1.8800000000000001,1
FRA,2012,9.767,63.376,2.216,0.2,2.842,-0.965,21.662,-1.516,0.313,0.26299999999999996,0
FRA,2013,10.308,63.698,0.99,2.418,2.141,-0.51,21.777,-1.979,0.576,0.38,0
FRA,2014,10.267,64.028,0.613,4.899,3.272,-0.956,21.754,-2.215,0.956,0.15700000000000003,0
FRA,2015,10.342,64.301,0.086,5.898,4.646,-0.368,22.344,-2.409,1.113,-0.018000000000000016,1
FRA,2016,10.067,64.469,0.307,2.929,1.776,-0.486,22.123,-2.664,1.095,1.196,0
FRA,2017,9.417,64.639,1.166,4.487,4.386,-0.767,22.67,-1.547,2.291,-0.42599999999999993,1
FRA,2018,9.025,64.844,2.1,3.079,4.527,-0.831,23.026,-0.833,1.865,-0.02200000000000002,1
FRA,2019,8.425,65.097,1.297,2.344,1.619,0.513,24.877,0.0,1.843,-9.383,1
FRA,2020,8.033,65.269,0.527,-12.324,-16.904,-1.618,22.468,-4.499,-7.54,13.861,0
FRA,2021,7.875,65.505,2.068,9.049,10.657,0.36,25.238,-2.074,6.321,-3.795,1
GRC,1980,2.663,9.584,24.873,9.337,11.073,-3.845,24.841,3.093,0.679,-2.2350000000000003,1
GRC,1981,4.0,9.701,24.463,7.748,8.404,-4.547,19.315,0.619,-1.556,0.42600000000000016,0
GRC,1982,5.8,9.758,21.125,-2.743,-16.461,-3.442,23.517,-1.198,-1.13,0.051999999999999824,0
GRC,1983,7.9,9.821,20.179,2.302,-5.846,-3.786,22.705,-2.719,-1.078,3.085,0
GRC,1984,8.1,9.872,18.456,-2.056,10.944,-4.411,21.694,-1.298,2.007,0.5059999999999998,0
GRC,1985,7.8,9.92,19.315,4.619,1.832,-6.834,20.588,1.199,2.513,-1.9979999999999998,1
GRC,1986,7.4,9.949,23.017,13.059,16.848,-2.971,23.995,1.742,0.515,-2.7720000000000002,1
GRC,1987,7.4,9.985,16.397,1.528,5.939,-1.862,19.853,-0.736,-2.257,6.545,0
GRC,1988,7.7,10.016,13.518,8.395,-2.125,-1.253,22.333,2.464,4.288,-0.4890000000000003,1
GRC,1989,7.5,10.058,13.702,10.297,1.938,-3.232,20.783,5.022,3.799,0.0,0
GRC,1990,7.0,10.121,20.434,8.059,-3.465,-3.611,20.938,3.393,3.799,-0.6970000000000001,1
GRC,1991,7.7,10.273,19.456,5.424,4.124,-1.49,23.489,4.452,3.102,-2.405,1
GRC,1992,8.7,10.367,15.877,0.777,10.02,-1.84,20.752,3.617,0.697,-2.296,1
GRC,1993,9.7,10.431,14.411,0.841,-2.597,-0.685,20.762,0.622,-1.599,3.599,0
GRC,1994,9.6,10.49,10.873,1.851,7.387,-0.125,19.971,0.698,2.0,0.10000000000000009,0
GRC,1995,10.0,10.536,8.788,8.318,2.996,-2.347,20.04,0.5,2.1,0.762,0
GRC,1996,10.3,10.588,7.873,9.822,4.91,-3.492,19.797,0.425,2.862,1.6219999999999999,0
GRC,1997,10.3,10.629,5.441,8.697,26.171,-3.72,18.662,1.486,4.484,-0.589,1
GRC,1998,11.2,10.693,4.517,18.043,4.892,-2.624,22.491,1.8,3.895,-0.8220000000000001,1
GRC,1999,12.125,10.748,2.141,14.945,26.992,-3.579,20.509,1.01,3.073,0.847,0
GRC,2000,11.35,10.776,2.897,20.369,23.258,-5.927,19.825,0.553,3.92,0.21199999999999974,0
GRC,2001,10.775,10.836,3.642,1.085,23.258,-6.887,18.664,0.279,4.132,-0.20899999999999963,1
GRC,2002,10.35,10.888,3.921,-3.716,-7.372,-6.254,18.435,-0.127,3.923,1.8719999999999999,0
GRC,2003,9.775,10.916,3.45,7.192,-0.565,-6.296,21.005,0.589,5.795,-0.734,1
GRC,2004,10.6,10.94,3.02,4.593,19.38,-5.532,19.706,1.469,5.061,-4.462,1
GRC,2005,10.0,10.97,3.486,0.934,2.834,-7.347,14.681,-0.619,0.599,5.053,0
GRC,2006,9.0,11.005,3.314,13.214,4.558,-10.86,15.224,2.119,5.652,-2.378,1
GRC,2007,8.4,11.036,2.989,15.364,10.497,-13.921,12.982,3.101,3.274,-3.609,1
GRC,2008,7.75,11.061,4.23,1.641,3.891,-14.481,9.954,1.406,-0.335,-3.966,1
GRC,2009,9.6,11.095,1.347,-20.197,-19.181,-10.869,7.415,-3.108,-4.301,-1.1769999999999996,1
GRC,2010,12.725,11.119,4.704,-3.082,4.566,-10.042,7.82,-7.548,-5.478,-4.670999999999999,1
GRC,2011,17.85,11.123,3.118,-9.599,0.547,-10.149,3.853,-14.83,-10.149,3.0619999999999994,0
GRC,2012,24.425,11.086,1.035,-5.585,1.645,-2.561,9.537,-18.392,-7.087,4.571,0
GRC,2013,27.475,11.004,-0.854,-3.636,12.926,-2.583,9.366,-18.194,-2.516,2.992,0
GRC,2014,26.5,10.927,-1.394,6.734,8.01,-2.493,9.386,-15.976,0.476,-0.6719999999999999,1
GRC,2015,24.9,10.858,-1.094,8.038,5.463,-1.479,10.586,-14.717,-0.196,-0.291,1
GRC,2016,23.55,10.784,0.013,3.001,0.077,-2.373,10.462,-13.455,-0.487,1.5790000000000002,0
GRC,2017,21.45,10.768,1.138,4.951,7.803,-2.575,9.446,-11.362,1.092,0.5759999999999998,0
GRC,2018,19.3,10.741,0.774,6.619,8.843,-3.577,9.547,-8.635,1.668,0.21199999999999997,0
GRC,2019,17.325,10.725,0.517,1.16,3.395,-2.233,10.175,-6.214,1.88,-11.196000000000002,1
GRC,2020,16.325,10.719,-1.262,-1.454,-22.674,-7.349,7.072,-14.096,-9.316,17.696,0
GRC,2021,14.775,10.679,0.574,8.975,21.463,-7.103,10.576,-6.507,8.38,-2.8230000000000004,1
IRL,1980,17.7,3.427,18.345,-4.407,7.065,-10.557,15.302,10.967,2.898,-0.3860000000000001,1
IRL,1981,17.7,3.47,20.243,1.628,1.705,-12.631,13.434,11.032,2.512,-1.017,1
IRL,1982,17.7,3.507,17.189,-3.693,4.482,-8.782,15.984,10.892,1.495,-2.224,1
IRL,1983,17.7,3.531,10.397,4.977,10.52,-5.602,15.842,9.863,-0.729,3.9330000000000003,0
IRL,1984,17.7,3.556,8.636,9.751,16.246,-5.163,15.511,6.464,3.204,-1.2570000000000001,1
IRL,1985,17.7,3.567,5.468,3.158,6.6,-3.271,14.64,6.9,1.947,-1.5230000000000001,1
IRL,1986,18.1,3.568,3.041,5.204,2.71,-2.875,14.745,5.959,0.424,3.217,0
IRL,1987,18.8,3.574,3.154,7.298,13.879,-0.261,16.026,3.368,3.641,-0.6429999999999998,1
IRL,1988,18.4,3.558,2.166,6.434,8.151,0.254,15.542,3.403,2.998,2.6159999999999997,0
IRL,1989,17.9,3.536,3.99,13.886,11.417,-1.299,16.562,2.588,5.614,2.0970000000000004,0
IRL,1990,17.2,3.533,3.357,6.024,9.173,-0.772,19.34,3.664,7.711,-6.069000000000001,1
IRL,1991,19.0,3.553,3.132,2.439,5.61,0.696,18.802,6.134,1.642,1.9370000000000003,0
IRL,1992,16.3,3.582,3.15,8.063,13.859,0.993,16.725,2.876,3.579,-1.2650000000000001,1
IRL,1993,16.7,3.601,1.418,7.529,9.812,3.563,18.867,1.055,2.314,3.58,0
IRL,1994,15.1,3.613,2.366,15.48,15.101,2.678,19.097,-1.841,5.894,3.699,0
IRL,1995,14.1,3.629,2.518,15.93,20.141,2.478,20.894,-6.744,9.593,-0.5009999999999994,1
IRL,1996,11.8,3.654,2.18,12.842,12.421,2.666,22.771,-4.31,9.092,1.6549999999999994,0
IRL,1997,9.858,3.692,1.253,16.645,17.549,2.348,24.407,-2.242,10.747,-1.9819999999999993,1
IRL,1998,7.55,3.731,2.13,27.775,22.771,0.363,24.459,0.233,8.765,1.7649999999999988,0
IRL,1999,5.908,3.774,2.412,12.617,15.772,-0.115,24.521,0.458,10.53,-1.1259999999999994,1
IRL,2000,4.383,3.829,5.303,21.686,21.187,0.614,25.122,2.907,9.404,-4.098,1
IRL,2001,4.183,3.889,3.998,13.101,14.008,0.179,24.435,1.858,5.306,0.593,0
IRL,2002,4.733,3.956,4.686,5.339,6.476,0.247,24.329,0.785,5.899,-2.8850000000000002,1
IRL,2003,4.85,4.021,4.0,-2.418,-1.698,0.492,26.236,1.239,3.014,3.775,0
IRL,2004,4.758,4.1,2.31,1.905,6.521,-0.098,27.12,0.811,6.789,-1.0499999999999998,1
IRL,2005,4.633,4.2,2.201,12.723,5.48,-3.54,26.769,2.512,5.739,-0.7509999999999994,1
IRL,2006,4.767,4.321,2.674,9.303,6.051,-5.353,26.54,4.414,4.988,0.3229999999999995,0
IRL,2007,5.0,4.445,2.889,9.351,8.901,-6.511,22.738,5.646,5.311,-9.795,1
IRL,2008,6.808,4.516,3.119,-2.787,-3.804,-6.255,18.412,2.413,-4.484,-0.6109999999999998,1
IRL,2009,12.65,4.547,-1.676,-1.702,4.648,-4.667,15.637,-3.779,-5.095,6.776999999999999,0
IRL,2010,14.6,4.568,-1.636,0.569,5.983,-1.287,15.989,-3.876,1.682,-0.401,1
IRL,2011,15.408,4.585,1.213,2.642,3.108,-1.696,15.537,-4.2,1.281,-1.41,1
IRL,2012,15.492,4.605,1.892,-1.016,-0.822,-3.387,16.624,-4.948,-0.129,1.304,0
IRL,2013,13.758,4.631,0.538,1.085,2.991,1.555,20.262,-3.165,1.175,7.654000000000001,0
IRL,2014,11.892,4.667,0.301,14.664,14.592,1.071,23.456,-1.2,8.829,15.646,0
IRL,2015,9.925,4.714,-0.05,32.355,39.166,4.385,30.295,0.5,24.475,-22.709000000000003,1
IRL,2016,8.383,4.771,-0.183,19.004,4.603,-4.217,33.223,1.9,1.766,7.545,0
IRL,2017,6.767,4.825,0.259,1.18,9.635,0.489,35.142,1.817,9.311,-0.8399999999999999,1
IRL,2018,5.808,4.886,0.716,2.467,9.805,4.889,33.565,1.137,8.471,-3.173,1
IRL,2019,5.0,4.95,0.86,42.323,11.848,-19.86,34.915,0.467,5.298,1.319,0
IRL,2020,5.842,4.993,-0.443,-1.729,11.531,-6.531,36.529,-1.999,6.617,8.508,0
IRL,2021,6.242,5.038,2.413,-7.507,15.103,13.715,37.325,2.288,15.125,-5.692,1
ITA,1980,7.37,56.388,21.8,3.006,1.786,-3.538,22.862,0.0,3.099,-4.333,1
ITA,1981,7.649,56.479,19.51,0.393,11.9,-3.552,20.425,-3.194,-1.234,1.648,0
ITA,1982,8.288,56.524,16.46,-0.054,-1.305,-2.388,19.765,-4.612,0.414,0.7550000000000001,0
ITA,1983,7.367,56.563,14.7,-3.067,3.8,0.307,19.983,-5.507,1.169,2.057,0
ITA,1984,7.833,56.565,10.74,12.825,7.702,-0.914,20.306,-4.47,3.226,-0.42799999999999994,1
ITA,1985,8.167,56.588,8.969,4.275,3.575,-1.224,19.437,-3.985,2.798,0.06199999999999983,0
ITA,1986,8.867,56.598,5.82,5.316,1.685,0.428,20.31,-3.488,2.86,0.3320000000000003,0
ITA,1987,9.617,56.594,4.72,12.033,4.113,-0.361,19.648,-2.693,3.192,1.0019999999999998,0
ITA,1988,9.683,56.609,5.09,5.962,5.189,-0.899,20.779,-1.031,4.194,-0.8050000000000002,1
ITA,1989,9.667,56.649,6.245,8.55,8.527,-1.614,19.824,0.042,3.389,-1.3359999999999999,1
ITA,1990,8.858,56.694,6.395,9.63,6.857,-1.866,19.964,-0.155,2.053,-0.6179999999999999,1
ITA,1991,8.533,56.744,6.215,1.798,-1.971,-2.439,19.066,-0.878,1.435,-0.6010000000000001,1
ITA,1992,8.808,56.773,4.982,7.115,7.285,-2.619,18.299,-1.994,0.834,-1.6869999999999998,1
ITA,1993,9.833,56.821,4.499,-11.195,8.973,1.137,19.555,-4.254,-0.853,3.0039999999999996,0
ITA,1994,10.633,56.842,4.167,8.05,9.626,1.17,19.891,-3.769,2.151,0.7360000000000002,0
ITA,1995,11.15,56.844,5.387,9.555,12.584,2.077,22.139,-2.616,2.887,-1.69,1
ITA,1996,11.15,56.844,3.985,-0.429,1.446,2.944,22.378,-2.997,1.197,0.633,0
ITA,1997,11.242,56.876,1.849,10.39,5.035,2.603,22.104,-2.896,1.83,-0.019000000000000128,1
ITA,1998,11.333,56.904,2.031,9.036,2.694,1.654,21.389,-2.745,1.811,-0.18500000000000005,1
ITA,1999,10.942,56.909,1.651,4.495,-0.978,0.801,21.034,-2.739,1.626,2.161,0
ITA,2000,10.1,56.924,2.58,10.991,12.085,-0.273,20.592,-0.59,3.787,-1.8359999999999999,1
ITA,2001,9.1,56.961,2.324,2.431,2.571,0.155,20.998,-0.009,1.951,-1.697,1
ITA,2002,8.608,56.993,2.612,0.563,-2.804,-0.498,21.073,-0.862,0.254,-0.11499999999999999,1
ITA,2003,8.45,57.186,2.813,0.74,-1.299,-0.787,20.392,-1.655,0.139,1.285,0
ITA,2004,8.042,57.612,2.257,4.573,6.13,-0.482,20.781,-1.197,1.424,-0.606,1
ITA,2005,7.758,58.044,2.207,3.441,3.217,-0.883,20.286,-0.937,0.818,0.973,0
ITA,2006,6.875,58.289,2.229,7.959,8.31,-1.476,20.482,0.35,1.791,-0.3039999999999998,1
ITA,2007,6.208,58.511,2.025,5.454,6.197,-1.367,20.879,1.365,1.487,-2.449,1
ITA,2008,6.783,59.002,3.492,-4.025,-3.169,-2.795,18.984,0.288,-0.962,-4.319,1
ITA,2009,7.875,59.421,0.765,-13.118,-17.817,-1.885,17.624,-4.734,-5.281,6.994,0
ITA,2010,8.5,59.69,1.62,12.167,11.761,-3.295,17.285,-2.861,1.713,-1.0060000000000002,1
ITA,2011,8.583,59.948,2.935,0.563,5.42,-2.825,17.643,-2.073,0.707,-3.6879999999999997,1
ITA,2012,10.908,60.105,3.315,-8.12,2.032,-0.231,17.559,-4.304,-2.981,1.14,0
ITA,2013,12.358,60.277,1.245,-2.702,0.374,1.145,18.037,-5.864,-1.841,1.836,0
ITA,2014,12.767,60.346,0.234,3.453,2.615,1.91,18.869,-5.757,-0.005,0.783,0
ITA,2015,12.017,60.295,0.108,6.464,4.274,1.446,18.553,-4.911,0.778,0.5149999999999999,0
ITA,2016,11.725,60.164,-0.05,3.927,1.865,2.648,20.209,-3.617,1.293,0.375,0
ITA,2017,11.292,60.067,1.326,6.091,5.437,2.659,20.713,-2.211,1.668,-0.7419999999999999,1
ITA,2018,10.617,59.938,1.243,3.438,2.142,2.605,21.133,-1.488,0.926,-0.44300000000000006,1
ITA,2019,9.9,59.817,0.634,-0.7,1.573,3.26,21.5,-1.25,0.483,-9.457,1
ITA,2020,9.358,59.641,-0.145,-12.128,-13.508,3.884,21.584,-5.889,-8.974,17.284,0
ITA,2021,9.525,59.236,1.941,15.555,14.065,2.422,24.16,-3.063,8.31,-4.324,1
LTU,1990,14.6,3.629,23.092,23.166,19.044,-9.176,13.587,-0.268,5.239,0.0,0
LTU,1991,14.6,3.629,23.092,23.166,19.044,-9.176,13.587,-0.268,5.239,0.0,0
LTU,1992,14.6,3.629,23.092,23.166,19.044,-9.176,13.587,-0.268,5.239,0.0,0
LTU,1993,14.6,3.629,23.092,23.166,19.044,-9.176,13.587,-0.268,5.239,0.0,0
LTU,1994,14.6,3.629,23.092,23.166,19.044,-9.176,13.587,-0.268,5.239,0.0,0
LTU,1995,14.6,3.629,23.092,23.166,19.044,-9.176,13.587,-0.268,5.239,0.0,0
LTU,1996,14.6,3.602,23.092,23.166,19.044,-8.621,12.443,-0.268,5.239,3.072,0
LTU,1997,14.6,3.575,8.735,24.966,18.838,-9.699,14.863,-0.268,8.311,-0.835,1
LTU,1998,14.6,3.549,5.369,6.14,4.659,-11.55,12.753,-0.268,7.476,-8.617,1
LTU,1999,14.6,3.524,1.443,-12.351,-16.372,-10.883,10.66,-0.268,-1.141,4.837,0
LTU,2000,16.375,3.5,1.094,4.976,9.557,-5.855,13.257,-0.268,3.696,2.8299999999999996,0
LTU,2001,17.362,3.471,1.549,17.576,21.209,-4.688,14.538,-0.268,6.526,0.22500000000000053,0
LTU,2002,13.737,3.443,0.336,18.582,18.611,-5.148,15.574,-0.268,6.751,3.8150000000000004,0
LTU,2003,12.441,3.415,-1.077,8.856,8.426,-6.807,15.122,-0.268,10.566,-3.9960000000000004,1
LTU,2004,10.884,3.377,1.154,15.211,4.093,-7.622,15.115,-0.268,6.57,1.162,0
LTU,2005,8.324,3.323,2.672,16.831,17.028,-7.388,16.878,-0.268,7.732,-0.3180000000000005,1
LTU,2006,5.778,3.27,3.757,14.302,12.808,-10.619,16.328,-0.268,7.414,3.6929999999999996,0
LTU,2007,4.248,3.231,5.818,10.649,3.193,-15.329,16.98,-0.268,11.107,-8.491999999999999,1
LTU,2008,5.827,3.198,11.092,10.819,11.618,-13.228,14.896,-0.268,2.615,-17.454,1
LTU,2009,13.787,3.163,4.161,-28.654,-13.676,2.037,14.694,-0.268,-14.839,16.491,0
LTU,2010,17.814,3.097,1.191,16.811,16.382,0.217,18.343,-0.268,1.652,4.387,0
LTU,2011,15.39,3.028,4.124,14.217,14.547,-3.671,18.292,-0.268,6.039,-2.195,1
LTU,2012,13.366,2.988,3.164,5.17,10.847,-1.571,18.189,-0.268,3.844,-0.29400000000000004,1
LTU,2013,11.77,2.958,1.164,5.812,7.27,1.685,21.211,-0.268,3.55,-0.0129999999999999,1
LTU,2014,10.699,2.932,0.242,-1.672,-1.823,3.463,23.086,-0.268,3.537,-1.512,1
LTU,2015,9.119,2.905,-0.677,9.353,2.42,-2.434,18.835,-0.268,2.025,0.4940000000000002,0
LTU,2016,7.861,2.868,0.678,4.041,4.927,-1.071,18.138,-0.268,2.519,1.7640000000000002,0
LTU,2017,7.073,2.828,3.718,11.141,13.522,0.535,19.716,-0.268,4.283,-0.2900000000000005,1
LTU,2018,6.146,2.802,2.531,6.025,6.806,0.286,20.643,-0.268,3.993,0.6730000000000005,0
LTU,2019,6.254,2.794,2.242,6.005,10.067,3.539,21.323,-0.268,4.666,-4.691000000000001,1
LTU,2020,8.488,2.795,1.062,-4.35,0.215,7.284,21.865,-0.268,-0.025,6.3100000000000005,0
LTU,2021,7.113,2.801,4.625,19.934,17.042,1.135,21.505,-0.268,6.285,-3.845,1
LUX,1980,0.723,0.364,6.3,7.306,3.319,12.022,15.608,1.321,3.17,-2.372,1
LUX,1981,1.015,0.365,8.073,7.306,3.319,12.022,14.585,1.321,0.798,0.24099999999999988,0
LUX,1982,1.33,0.366,9.357,7.306,3.319,12.022,11.245,1.321,1.039,0.8480000000000001,0
LUX,1983,1.615,0.366,8.669,7.306,3.319,12.022,14.974,1.321,1.887,2.8430000000000004,0
LUX,1984,1.748,0.366,5.637,7.306,3.319,12.022,16.622,1.321,4.73,0.8659999999999997,0
LUX,1985,1.667,0.367,4.094,7.306,3.319,12.022,29.87,1.321,5.596,4.3870000000000005,0
LUX,1986,1.458,0.368,0.3,7.306,3.319,12.022,30.794,4.507,9.983,-6.032,1
LUX,1987,1.669,0.371,-0.1,7.306,3.319,12.022,30.267,2.66,3.951,4.513,0
LUX,1988,1.536,0.374,1.4,10.451,11.073,12.022,30.623,5.201,8.464,1.3339999999999996,0
LUX,1989,1.402,0.378,3.4,9.148,12.588,12.022,32.605,9.211,9.798,-4.478,1
LUX,1990,1.256,0.382,3.7,4.999,5.587,12.022,34.018,8.919,5.32,3.3249999999999993,0
LUX,1991,1.38,0.387,3.1,9.129,9.186,12.022,35.244,12.276,8.645,-6.826,1
LUX,1992,1.634,0.392,3.2,-3.095,2.731,12.022,35.683,8.685,1.819,2.3819999999999997,0
LUX,1993,2.105,0.398,3.6,5.222,4.758,12.022,35.645,7.836,4.201,-0.37999999999999945,1
LUX,1994,2.732,0.404,2.2,6.711,7.69,12.022,33.835,6.701,3.821,-2.3890000000000002,1
LUX,1995,2.961,0.406,1.9,4.235,4.571,12.022,31.714,3.176,1.432,0.08299999999999996,0
LUX,1996,3.241,0.412,1.156,5.387,2.271,11.566,31.851,-1.347,1.515,4.422000000000001,0
LUX,1997,3.302,0.417,1.371,12.605,11.367,9.978,32.325,-1.561,5.937,0.5549999999999997,0
LUX,1998,3.057,0.422,0.972,11.812,11.173,8.556,32.005,-1.347,6.492,1.9289999999999994,0
LUX,1999,2.89,0.427,1.021,14.816,14.251,10.771,34.835,0.781,8.421,0.021000000000000796,0
LUX,2000,2.4,0.434,3.782,15.012,17.131,12.654,35.213,3.454,8.442,-5.368,1
LUX,2001,2.217,0.439,2.404,6.83,6.417,8.275,30.487,1.93,3.074,0.15100000000000025,0
LUX,2002,2.5,0.444,2.056,-1.489,-0.098,7.609,28.036,0.826,3.225,-0.6059999999999999,1
LUX,2003,3.292,0.448,2.528,3.644,2.783,7.145,28.455,-0.596,2.619,1.6119999999999997,0
LUX,2004,3.692,0.455,3.244,9.095,9.232,7.074,28.379,-0.203,4.231,-1.7489999999999997,1
LUX,2005,4.083,0.461,3.761,6.148,5.977,6.938,28.449,-1.23,2.482,3.534,0
LUX,2006,4.233,0.469,2.962,11.492,12.922,6.642,25.646,1.398,6.016,2.083,0
LUX,2007,4.183,0.476,2.655,2.564,5.128,6.549,26.062,6.45,8.099,-8.401,1
LUX,2008,4.142,0.484,4.092,2.181,-0.328,6.129,26.708,3.374,-0.302,-2.937,1
LUX,2009,5.483,0.494,0.007,-9.073,-7.243,5.785,21.968,-2.336,-3.239,6.999,0
LUX,2010,5.817,0.502,2.795,14.253,10.156,5.778,23.861,-0.906,3.76,-2.7159999999999997,1
LUX,2011,5.667,0.512,3.728,6.746,4.388,5.64,24.909,-2.005,1.044,0.6059999999999999,0
LUX,2012,6.099,0.525,2.888,1.76,1.619,5.3,24.052,-2.483,1.65,1.5220000000000002,0
LUX,2013,6.83,0.537,1.699,6.229,6.316,5.09,23.236,-1.515,3.172,-0.5489999999999999,1
LUX,2014,7.092,0.55,0.694,8.236,6.516,4.918,24.011,-1.085,2.623,-0.3540000000000001,1
LUX,2015,6.648,0.563,0.059,5.707,5.139,4.737,23.696,-1.012,2.269,2.7089999999999996,0
LUX,2016,6.263,0.576,0.043,3.752,5.309,4.727,22.659,1.683,4.978,-3.6609999999999996,1
LUX,2017,5.843,0.591,2.112,0.754,-0.227,4.451,23.341,0.834,1.317,-0.09799999999999986,1
LUX,2018,5.103,0.602,2.018,3.711,3.612,6.49,23.535,-0.073,1.219,1.6969999999999998,0
LUX,2019,5.406,0.614,1.651,7.411,5.996,8.873,27.566,0.721,2.916,-3.826,1
LUX,2020,6.363,0.626,0.006,-0.377,0.594,8.595,25.94,-1.729,-0.91,8.078999999999999,0
LVA,1992,3.178,2.677,109.2,38.109,44.955,11.298,18.204,-0.268,-11.4,0.0,0
LVA,1993,6.951,2.669,109.2,38.109,44.955,15.277,16.035,-0.268,-11.4,13.600000000000001,0
LVA,1994,6.951,2.627,35.9,13.155,-1.791,4.439,16.604,-0.268,2.2,-4.284000000000001,1
LVA,1995,6.951,2.501,25.0,24.858,9.119,-0.299,12.638,-0.268,-2.084,4.672000000000001,0
LVA,1996,20.711,2.47,17.6,33.506,26.276,-4.682,10.612,-0.268,2.588,6.249,0
LVA,1997,15.167,2.445,8.074,8.964,13.493,-5.285,13.948,-0.268,8.837,-2.5009999999999994,1
LVA,1998,13.958,2.421,4.295,20.357,8.422,-9.06,13.924,-0.268,6.336,-3.5800000000000005,1
LVA,1999,14.067,2.399,2.114,-5.351,-6.578,-7.22,21.251,-0.268,2.756,2.9200000000000004,0
LVA,2000,14.342,2.382,2.633,2.675,14.419,-4.703,19.784,-0.268,5.676,0.6479999999999997,0
LVA,2001,13.475,2.353,2.526,15.639,9.038,-7.509,20.343,-0.268,6.324,0.7640000000000002,0
LVA,2002,12.492,2.321,1.963,2.711,5.03,-6.471,21.376,-0.268,7.088,1.335,0
LVA,2003,11.642,2.299,2.94,11.865,3.98,-7.773,22.014,-0.268,8.423,-0.13899999999999935,1
LVA,2004,11.742,2.277,6.187,20.656,13.752,-12.238,20.843,-0.268,8.284,2.436,0
LVA,2005,10.042,2.25,6.89,17.055,23.505,-11.784,23.273,-0.268,10.72,1.251999999999999,0
LVA,2006,7.033,2.228,6.571,21.879,7.542,-20.767,19.056,-0.268,11.972,-2.0299999999999994,1
LVA,2007,6.075,2.209,10.081,17.446,13.86,-20.662,20.898,-0.268,9.942,-13.191,1
LVA,2008,7.75,2.192,15.253,-11.14,2.319,-12.26,23.012,-0.268,-3.249,-11.011,1
LVA,2009,17.55,2.163,3.259,-30.894,-12.874,7.658,30.094,-0.268,-14.26,9.803999999999998,0
LVA,2010,19.475,2.121,-1.224,12.806,13.444,1.697,22.041,-0.268,-4.456,7.03,0
LVA,2011,16.208,2.075,4.222,22.78,12.604,-3.405,22.359,-0.268,2.574,4.468,0
LVA,2012,15.048,2.045,2.285,5.247,9.498,-3.726,23.795,-0.268,7.042,-5.034,1
LVA,2013,11.868,2.024,0.011,-0.127,0.659,-2.791,21.558,-0.268,2.008,-0.1060000000000001,1
LVA,2014,10.847,2.001,0.69,3.0,6.272,-1.642,22.22,-0.268,1.902,1.9829999999999999,0
LVA,2015,9.875,1.986,0.213,1.647,2.974,-0.61,23.195,-0.268,3.885,-1.5159999999999996,1
LVA,2016,9.642,1.969,0.099,3.565,3.956,1.569,22.734,-0.268,2.369,0.9429999999999996,0
LVA,2017,8.715,1.95,2.894,8.546,6.352,1.227,23.24,-0.268,3.312,0.6790000000000003,0
LVA,2018,7.415,1.934,2.554,6.338,4.405,-0.175,23.031,-0.268,3.991,-3.403,1
LVA,2019,6.311,1.92,2.747,2.224,1.298,-0.621,22.202,-0.268,0.588,-4.101999999999999,1
LVA,2020,8.099,1.908,0.081,-1.143,0.355,2.913,24.315,-0.268,-3.514,10.246,0
LVA,2021,7.557,1.893,3.239,15.061,9.045,-3.934,21.076,-0.268,6.732,-3.777,1
MLT,1980,12.5,0.315,2.692,17.843,16.331,-4.85,49.2,1.842,-1.175,0.0,0
MLT,1981,12.5,0.318,11.61,-8.248,-11.931,-4.85,56.183,1.842,-1.175,0.0,0
MLT,1982,12.5,0.32,5.817,-4.05,-15.656,-4.85,53.161,1.842,-1.175,0.0,0
MLT,1983,12.5,0.332,-0.925,-4.249,1.331,-4.85,47.228,1.842,-1.175,0.0,0
MLT,1984,12.5,0.329,-0.443,3.796,3.884,-4.85,47.852,1.842,-1.175,0.0,0
MLT,1985,12.2,0.332,-0.236,9.044,7.221,-4.85,41.21,1.842,-1.175,0.0,0
MLT,1986,11.0,0.341,2.031,-0.033,6.862,-4.85,41.523,1.842,-1.175,0.0,0
MLT,1987,8.2,0.343,0.416,14.029,14.347,-4.85,45.542,1.842,-1.175,0.0,0
MLT,1988,6.2,0.346,0.946,34.868,26.189,-4.85,50.798,1.842,-1.175,0.0,0
MLT,1989,4.636,0.349,0.866,11.077,10.7,-4.85,45.547,1.842,-1.175,0.0,0
MLT,1990,4.8,0.352,2.975,15.665,13.269,-4.85,48.583,1.842,-1.175,0.0,0
MLT,1991,4.4,0.362,2.552,5.394,7.525,-4.85,48.691,1.842,-1.175,0.0,0
MLT,1992,4.9,0.366,1.845,3.026,9.668,-4.85,44.106,1.842,-1.175,0.0,0
MLT,1993,5.4,0.369,4.031,5.874,5.296,-4.85,40.81,1.842,-1.175,0.0,0
MLT,1994,5.4,0.373,4.128,7.534,7.123,-4.85,39.879,1.842,-1.175,0.0,0
MLT,1995,4.9,0.376,3.973,10.032,5.366,-4.85,31.378,1.842,-1.175,0.0,0
MLT,1996,5.2,0.378,1.964,-5.921,-5.899,-5.252,25.111,1.842,-1.175,0.0,0
MLT,1997,6.2,0.381,3.919,-1.684,3.975,-2.736,29.688,1.842,-1.175,0.0,0
MLT,1998,6.6,0.384,3.673,2.511,8.141,-2.664,27.081,1.842,-1.175,0.0,0
MLT,1999,7.1,0.386,2.294,10.125,8.231,-1.506,31.384,1.842,-1.175,0.0,0
MLT,2000,6.758,0.389,3.03,10.431,5.582,-5.141,21.353,1.842,-1.175,0.0,0
MLT,2001,7.617,0.391,2.518,-9.157,-3.979,-1.555,16.884,-1.315,-1.175,3.74,0
MLT,2002,7.025,0.395,2.626,1.242,6.312,0.996,16.686,-0.714,2.565,1.509,0
MLT,2003,7.567,0.397,1.939,4.555,-0.342,-1.224,17.729,1.118,4.074,-3.9339999999999997,1
MLT,2004,7.217,0.4,2.719,-1.176,-2.104,-5.44,13.495,-1.057,0.14,3.2439999999999998,0
MLT,2005,6.942,0.403,2.529,5.986,4.303,-8.147,13.156,-0.287,3.384,-0.8740000000000001,1
MLT,2006,6.817,0.405,2.57,18.433,17.511,-9.324,11.883,-0.514,2.51,2.2650000000000006,0
MLT,2007,6.467,0.406,0.713,8.13,10.865,-3.848,17.003,1.418,4.775,-0.9490000000000003,1
MLT,2008,5.975,0.408,4.676,19.529,19.409,-1.039,21.09,2.606,3.826,-4.96,1
MLT,2009,6.883,0.411,1.836,-1.079,-0.415,-6.451,13.58,-1.05,-1.134,6.677999999999999,0
MLT,2010,6.842,0.414,2.032,8.217,8.205,-4.509,17.767,1.525,5.544,-5.077,1
MLT,2011,6.392,0.415,2.516,3.793,5.272,-0.198,17.484,-1.405,0.467,3.6510000000000002,0
MLT,2012,6.2,0.418,3.225,3.773,5.466,1.657,18.812,-1.747,4.118,1.3549999999999995,0
MLT,2013,6.108,0.423,0.991,-1.246,0.949,2.563,18.738,-1.902,5.473,2.1610000000000005,0
MLT,2014,5.733,0.429,0.777,0.898,3.45,8.502,24.167,-0.953,7.634,1.9740000000000002,0
MLT,2015,5.392,0.44,1.168,19.266,15.438,2.699,26.839,1.39,9.608,-6.227,1
MLT,2016,4.7,0.45,0.897,5.771,7.024,-0.567,22.687,-2.045,3.381,7.4879999999999995,0
MLT,2017,4.0,0.46,1.262,5.571,10.371,5.859,26.475,1.754,10.869,-3.4529999999999994,1
MLT,2018,3.658,0.476,1.735,9.072,8.447,5.612,25.465,3.12,7.416,-0.2920000000000007,1
MLT,2019,3.633,0.494,1.519,10.51,9.686,9.029,29.596,5.038,7.124,-15.280999999999999,1
MLT,2020,4.358,0.515,0.794,1.518,-1.813,2.198,23.723,-7.898,-8.157,20.671,0
MLT,2021,3.408,0.516,0.715,5.074,7.575,1.204,22.643,-1.552,12.514,-4.437999999999999,1
NLD,1980,3.354,14.091,6.8,-6.058,1.424,-0.441,23.127,1.969,-0.514,0.0,0
NLD,1981,4.583,14.209,6.8,-6.058,1.424,2.356,23.133,-0.352,-0.514,-0.7689999999999999,1
NLD,1982,6.525,14.286,5.9,0.039,-0.446,3.194,22.9,-2.444,-1.283,3.041,0
NLD,1983,8.254,14.34,2.9,3.916,3.189,3.322,23.75,-2.389,1.758,1.3599999999999999,0
NLD,1984,8.09,14.395,3.4,5.307,7.751,4.475,25.115,-0.388,3.118,-0.46199999999999974,1
NLD,1985,7.327,14.454,2.3,6.464,5.137,2.936,24.051,0.254,2.656,0.46999999999999975,0
NLD,1986,6.52,14.529,2.3,4.245,2.705,2.142,24.783,-0.344,3.126,-1.2759999999999998,1
NLD,1987,6.337,14.615,-1.0,3.718,3.49,1.695,24.406,-1.002,1.85,2.735,0
NLD,1988,6.247,14.715,0.5,3.213,7.522,2.699,26.678,-1.331,4.585,-0.10400000000000009,1
NLD,1989,5.674,14.805,1.1,7.802,8.612,3.853,28.523,0.272,4.481,-0.30299999999999994,1
NLD,1990,5.112,14.893,2.5,3.976,5.66,2.517,26.743,1.0,4.178,-1.7269999999999999,1
NLD,1991,4.799,15.01,3.179,6.335,6.605,2.255,25.628,0.209,2.451,-0.8620000000000001,1
NLD,1992,4.865,15.129,2.837,2.851,2.945,1.871,25.18,-0.709,1.589,-0.32499999999999996,1
NLD,1993,5.53,15.239,1.642,0.396,3.967,3.71,25.175,-1.64,1.264,1.7449999999999999,0
NLD,1994,6.193,15.342,2.12,9.032,8.67,4.521,26.208,-1.59,3.009,-0.23599999999999977,1
NLD,1995,7.733,15.424,1.348,9.821,8.376,5.693,27.421,-1.87,2.773,0.7210000000000001,0
NLD,1996,7.099,15.494,1.447,5.323,4.248,4.772,27.333,-1.51,3.494,0.8340000000000001,0
NLD,1997,6.101,15.567,1.856,11.13,9.754,6.009,28.852,-0.51,4.328,0.33999999999999986,0
NLD,1998,4.93,15.654,1.783,8.392,6.652,2.971,25.915,0.71,4.668,0.3639999999999999,0
NLD,1999,4.139,15.76,2.038,9.882,9.037,3.504,26.721,2.27,5.032,-0.8330000000000002,1
NLD,2000,3.66,15.864,2.347,11.112,12.304,1.738,24.308,3.27,4.199,-1.871,1
NLD,2001,3.137,15.987,5.113,2.627,1.576,2.274,24.992,2.82,2.328,-2.1109999999999998,1
NLD,2002,3.665,16.105,3.852,0.353,0.626,2.33,23.338,0.67,0.217,-0.059,1
NLD,2003,5.921,16.193,2.227,1.981,1.822,5.154,25.643,-1.25,0.158,1.8250000000000002,0
NLD,2004,6.773,16.258,1.383,6.334,8.172,7.56,27.882,-1.3,1.983,0.06400000000000006,0
NLD,2005,6.961,16.306,1.491,5.425,5.769,7.047,27.501,-1.012,2.047,1.415,0
NLD,2006,6.079,16.334,1.654,7.605,7.16,9.085,30.109,0.303,3.462,0.3099999999999996,0
NLD,2007,5.295,16.358,1.587,7.901,5.36,6.886,30.235,1.999,3.772,-1.5999999999999996,1
NLD,2008,4.77,16.405,2.213,-0.759,1.681,4.966,27.297,2.642,2.172,-5.839,1
NLD,2009,5.422,16.486,0.972,-7.612,-8.566,5.415,26.136,-1.775,-3.667,5.008,0
NLD,2010,6.082,16.575,0.929,8.552,9.764,6.934,27.156,-0.677,1.341,0.20900000000000007,0
NLD,2011,6.05,16.656,2.472,3.877,5.157,8.535,28.575,0.673,1.55,-2.581,1
NLD,2012,6.823,16.73,2.818,2.166,3.266,10.194,28.919,-0.617,-1.031,0.9039999999999999,0
NLD,2013,8.204,16.78,2.556,2.326,2.523,9.751,28.261,-1.127,-0.127,1.551,0
NLD,2014,8.338,16.829,0.32,3.271,4.621,8.172,26.085,-0.59,1.424,0.534,0
NLD,2015,7.887,16.901,0.219,14.883,7.444,5.204,27.679,-0.268,1.958,0.2340000000000002,0
NLD,2016,7.005,16.979,0.114,-1.977,1.668,7.114,27.601,-0.073,2.192,0.7189999999999999,0
NLD,2017,5.873,17.082,1.293,6.174,6.489,8.918,29.511,0.967,2.911,-0.5499999999999998,1
NLD,2018,4.881,17.181,1.599,4.714,4.324,9.32,30.277,1.396,2.361,-0.40500000000000025,1
NLD,2019,4.436,17.282,2.669,3.258,1.979,6.919,29.016,1.503,1.956,-5.840999999999999,1
NLD,2020,4.851,17.408,1.106,-4.671,-4.272,5.142,26.898,-4.156,-3.885,10.077,0
NLD,2021,4.226,17.475,2.819,6.426,8.099,12.114,33.646,-0.224,6.192,-1.8660000000000005,1
PRT,1980,7.824,9.766,5.862,6.585,-0.592,-3.263,30.634,5.61,6.725,-3.2019999999999995,1
PRT,1981,8.29,9.851,21.152,6.585,-0.592,-14.428,20.984,5.058,3.523,-1.3600000000000003,1
PRT,1982,7.457,9.912,22.73,5.872,4.833,-10.621,24.786,3.803,2.163,-1.1909999999999998,1
PRT,1983,7.945,9.958,25.106,-6.485,20.796,-5.775,24.329,1.388,0.972,-2.0140000000000002,1
PRT,1984,10.503,9.996,29.3,-2.073,14.34,-2.401,22.849,-3.017,-1.042,2.678,0
PRT,1985,8.674,10.024,19.335,4.634,8.319,1.395,25.439,-4.871,1.636,1.684,0
PRT,1986,8.603,10.033,11.666,18.848,7.979,3.078,26.73,-5.332,3.32,4.311999999999999,0
PRT,1987,7.126,10.03,9.402,27.402,10.135,0.918,28.752,-2.029,7.632,-2.292,1
PRT,1988,7.069,10.02,9.58,21.642,8.632,-1.923,27.488,-0.865,5.34,1.3090000000000002,0
PRT,1989,5.059,10.005,12.611,8.496,18.697,0.256,27.925,1.559,6.649,1.21,0
PRT,1990,4.225,9.983,13.37,16.121,12.976,-0.228,27.974,5.325,7.859,-4.489,1
PRT,1991,4.138,9.96,11.428,8.363,0.451,-0.797,24.395,4.865,3.37,-0.2400000000000002,1
PRT,1992,3.86,9.953,8.863,10.993,5.445,-0.17,25.101,4.369,3.13,-3.817,1
PRT,1993,5.127,9.965,5.93,-1.534,1.304,0.245,22.462,0.212,-0.687,2.176,0
PRT,1994,6.34,9.992,4.971,10.565,10.465,-2.203,20.705,-1.54,1.489,0.8179999999999998,0
PRT,1995,7.917,10.026,3.969,9.436,13.588,-0.112,20.268,-2.387,2.307,1.197,0
PRT,1996,8.015,10.064,2.936,5.152,5.711,-4.49,19.565,-1.558,3.504,0.8969999999999998,0
PRT,1997,7.51,10.109,1.89,4.346,2.022,-6.109,19.857,-1.558,4.401,0.40700000000000003,0
PRT,1998,5.72,10.16,2.215,21.276,15.097,-7.548,20.334,1.904,4.808,-0.9009999999999998,1
PRT,1999,5.169,10.218,2.17,1.965,0.056,-8.868,20.256,2.977,3.907,-0.09100000000000019,1
PRT,2000,4.717,10.29,2.805,-7.684,-3.856,-10.796,17.924,4.098,3.816,-1.8719999999999999,1
PRT,2001,4.801,10.363,4.41,3.074,4.038,-10.449,18.039,3.574,1.944,-1.173,1
PRT,2002,5.779,10.42,3.701,4.362,9.948,-8.383,17.315,2.219,0.771,-1.702,1
PRT,2003,7.038,10.459,3.237,10.961,17.499,-6.634,16.451,-0.475,-0.931,2.7199999999999998,0
PRT,2004,7.392,10.484,2.51,8.428,6.118,-7.957,15.595,-0.134,1.789,-1.007,1
PRT,2005,8.343,10.503,2.13,-4.63,-5.129,-9.585,13.593,-0.648,0.782,0.843,0
PRT,2006,8.408,10.522,3.046,4.872,11.228,-10.26,12.929,-0.192,1.625,0.8820000000000001,0
PRT,2007,8.722,10.543,2.422,10.34,13.691,-9.62,13.395,1.264,2.507,-2.188,1
PRT,2008,8.315,10.558,2.652,2.194,0.15,-11.833,11.416,0.712,0.319,-3.441,1
PRT,2009,10.177,10.568,-0.903,-15.739,-14.992,-10.294,10.955,-2.982,-3.122,4.859999999999999,0
PRT,2010,11.506,10.573,1.391,-4.515,-1.68,-10.256,10.738,-1.579,1.738,-3.434,1
PRT,2011,13.445,10.558,3.554,-4.685,9.313,-5.978,13.443,-3.406,-1.696,-2.3610000000000007,1
PRT,2012,16.516,10.515,2.776,-11.852,-2.869,-1.613,13.909,-7.227,-4.057,3.1340000000000003,0
PRT,2013,17.092,10.457,0.44,7.426,12.379,1.636,15.666,-7.8,-0.923,1.715,0
PRT,2014,14.535,10.401,-0.16,8.998,5.313,0.158,15.175,-6.833,0.792,1.0,0
PRT,2015,12.939,10.358,0.508,8.088,6.341,0.23,15.845,-5.141,1.792,0.2270000000000001,0
PRT,2016,11.452,10.326,0.636,5.027,4.191,1.172,16.475,-3.577,2.019,1.4869999999999997,0
PRT,2017,9.208,10.3,1.556,7.998,7.966,1.295,18.228,-1.086,3.506,-0.6569999999999996,1
PRT,2018,7.175,10.284,1.168,5.055,4.15,0.554,18.543,0.327,2.849,-0.16600000000000037,1
PRT,2019,6.675,10.286,0.3,5.125,3.978,0.435,18.625,1.397,2.683,-10.984,1
PRT,2020,7.15,10.297,-0.121,-11.848,-18.834,-1.039,17.879,-4.757,-8.301,14.038,0
PRT,2021,6.692,10.295,0.941,12.151,12.282,-0.757,19.87,-2.271,5.737,1.0910000000000002,0
SVK,1993,12.7,5.337,13.464,-4.733,14.758,-4.746,20.047,2.672,6.206,0.0,0
SVK,1994,14.6,5.367,13.464,-4.733,14.758,4.193,25.697,2.775,6.206,1.6659999999999995,0
SVK,1995,13.7,5.397,9.901,12.226,6.171,2.686,26.141,3.292,7.872,-0.931,1
SVK,1996,12.6,5.408,5.782,17.441,-1.284,-9.667,23.96,2.362,6.941,-2.4959999999999996,1
SVK,1997,11.882,5.379,6.033,7.888,5.856,-8.8,26.182,6.529,4.445,-0.36900000000000066,1
SVK,1998,12.725,5.388,6.691,-2.273,-2.562,-9.573,24.892,4.565,4.076,-4.1819999999999995,1
SVK,1999,16.492,5.393,10.461,-3.972,10.088,-4.466,24.802,0.191,-0.106,1.2730000000000001,0
SVK,2000,18.9,5.399,12.161,7.558,9.075,-3.083,23.912,-2.218,1.167,2.0869999999999997,0
SVK,2001,19.458,5.379,7.144,17.931,10.504,-7.979,22.736,-3.058,3.254,1.2559999999999998,0
SVK,2002,18.825,5.379,3.489,5.444,7.393,-7.603,22.528,-2.849,4.51,0.9889999999999999,0
SVK,2003,17.7,5.375,8.417,8.59,20.081,-4.893,20.819,-1.82,5.499,-0.21999999999999975,1
SVK,2004,18.358,5.372,7.451,21.653,20.587,-5.85,20.555,-1.488,5.279,1.3449999999999998,0
SVK,2005,16.358,5.373,2.779,15.254,12.834,-7.287,22.423,-0.324,6.624,1.8690000000000007,0
SVK,2006,13.442,5.373,4.266,20.087,23.429,-7.026,21.722,2.027,8.493,2.3390000000000004,0
SVK,2007,11.217,5.373,1.9,8.89,13.941,-4.8,23.497,6.535,10.832,-5.258000000000001,1
SVK,2008,9.592,5.376,3.95,4.234,3.089,-6.358,21.706,6.951,5.574,-11.029,1
SVK,2009,12.1,5.382,0.937,-19.056,-16.464,-3.443,17.122,-3.195,-5.455,12.172,0
SVK,2010,14.433,5.39,0.699,16.336,17.18,-4.629,19.866,-1.462,6.717,-4.045999999999999,1
SVK,2011,13.617,5.392,4.072,8.063,10.804,-4.872,20.926,-2.112,2.671,-1.3519999999999999,1
SVK,2012,13.908,5.404,3.731,2.273,9.264,0.929,21.309,-2.818,1.319,-0.6859999999999999,1
SVK,2013,14.175,5.411,1.459,5.498,5.893,1.851,22.939,-3.194,0.633,2.064,0
SVK,2014,13.108,5.416,-0.093,4.991,3.982,1.14,23.203,-1.764,2.697,2.4699999999999998,0
SVK,2015,11.475,5.421,-0.33,8.029,6.348,-2.083,22.627,1.302,5.167,-3.223,1
SVK,2016,9.658,5.426,-0.473,4.963,5.106,-2.734,20.166,1.183,1.944,0.9940000000000002,0
SVK,2017,8.058,5.435,1.393,4.663,4.047,-1.911,21.438,1.364,2.938,1.092,0
SVK,2018,6.508,5.443,2.531,4.069,4.687,-2.196,21.253,1.516,4.03,-1.5190000000000001,1
SVK,2019,5.717,5.45,2.771,2.177,0.788,-3.349,20.477,1.118,2.511,-5.846,1
SVK,2020,6.633,5.458,2.016,-8.268,-6.431,0.552,19.991,-3.07,-3.335,8.123999999999999,0
SVK,2021,6.808,5.46,2.828,11.629,10.419,-2.459,19.693,-0.997,4.789,-3.0389999999999997,1
SVN,1992,7.836,1.999,31.93,16.8,1.0,5.642,18.316,-2.617,2.8,0.0,0
SVN,1993,8.591,1.989,31.93,16.8,1.0,1.696,18.832,-2.617,2.8,2.5,0
SVN,1994,8.497,1.989,20.872,12.8,12.8,3.353,25.037,-2.617,5.3,-1.2000000000000002,1
SVN,1995,7.0,1.989,13.572,10.8,0.9,-0.453,23.556,-2.617,4.1,-0.8969999999999998,1
SVN,1996,6.892,1.99,9.919,2.397,2.972,0.068,23.744,-2.831,3.203,1.847,0
SVN,1997,6.917,1.987,8.342,11.69,11.634,0.108,24.868,-1.69,5.05,-1.77,1
SVN,1998,7.367,1.985,7.948,10.059,7.821,-0.662,25.144,-1.082,3.28,2.052,0
SVN,1999,7.408,1.978,6.121,8.409,2.005,-3.23,24.448,-4.773,5.332,-1.6589999999999998,1
SVN,2000,6.742,1.988,8.935,6.619,12.593,-2.766,24.787,-5.315,3.673,-0.45599999999999996,1
SVN,2001,6.192,1.99,8.38,3.623,7.181,0.04,25.36,-6.46,3.217,0.2889999999999997,0
SVN,2002,6.342,1.994,7.481,5.625,7.784,0.875,25.446,-5.195,3.506,-0.5459999999999998,1
SVN,2003,6.725,1.995,5.544,6.464,3.16,-0.81,25.082,-4.061,2.96,1.399,0
SVN,2004,6.325,1.996,3.593,13.969,13.041,-2.692,25.59,-1.897,4.359,-0.5609999999999999,1
SVN,2005,6.55,1.998,2.452,7.337,11.366,-1.8,26.19,-0.097,3.798,1.9480000000000004,0
SVN,2006,6.0,2.003,2.458,12.388,14.122,-1.836,28.27,2.882,5.746,1.234,0
SVN,2007,4.875,2.01,3.657,17.057,13.858,-4.138,28.662,7.167,6.98,-3.4700000000000006,1
SVN,2008,4.425,2.01,5.647,4.09,4.183,-5.319,27.303,8.572,3.51,-11.059000000000001,1
SVN,2009,5.9,2.032,0.839,-18.386,-16.56,-1.081,22.037,-0.72,-7.549,8.893,0
SVN,2010,7.25,2.047,1.801,6.633,10.161,-0.768,21.219,-0.575,1.344,-0.4830000000000001,1
SVN,2011,8.225,2.05,1.803,5.315,6.868,-0.836,20.667,-0.655,0.861,-3.5010000000000003,1
SVN,2012,8.9,2.055,2.597,-3.536,0.496,1.295,19.637,-4.16,-2.64,1.6110000000000002,0
SVN,2013,10.1,2.059,1.769,2.111,3.061,3.3,21.902,-5.834,-1.029,3.7969999999999997,0
SVN,2014,9.75,2.061,0.199,4.157,6.011,5.097,24.514,-4.473,2.768,-0.5579999999999998,1
SVN,2015,9.0,2.063,-0.526,4.318,4.741,3.817,23.065,-3.53,2.21,0.9820000000000002,0
SVN,2016,8.025,2.064,-0.055,6.289,6.163,4.776,23.264,-1.833,3.192,1.6239999999999997,0
SVN,2017,6.575,2.066,1.429,10.672,11.071,6.217,26.392,0.708,4.816,-0.36099999999999977,1
SVN,2018,5.125,2.067,1.739,7.086,6.155,5.874,27.447,2.884,4.455,-0.9319999999999999,1
SVN,2019,4.45,2.081,1.631,4.669,4.482,5.854,26.641,3.891,3.523,-7.763999999999999,1
SVN,2020,5.0,2.096,-0.055,-9.118,-8.529,7.222,27.462,-2.239,-4.241,12.469999999999999,0
SVN,2021,4.725,2.109,1.917,17.787,14.474,3.312,25.192,2.303,8.229,-5.767999999999999,1
