REF_AREA,TIME_PERIOD,IMF_WEO_NGDP_RPCH,IMF_WEO_LUR,IMF_WEO_LP,IMF_WEO_PCPIPCH,IMF_WEO_TM_RPCH,IMF_WEO_TX_RPCH,IMF_WEO_BCA_NGDPD,IMF_WEO_NGAP_NPGDP,IMF_WEO_NGSD_NGDP
AUT,1980,2.314,1.6,7.54,6.325,6.17,5.227,-4.776,0.785,25.919
AUT,1981,-0.099,2.2,7.556,6.807,-0.771,5.063,-4.338,-1.579,24.598
AUT,1982,1.908,3.1,7.565,5.44,-4.667,1.591,1.003,-1.475,23.647
AUT,1983,2.804,3.7,7.543,3.335,5.691,3.638,0.389,-0.502,21.978
AUT,1984,0.332,3.8,7.544,5.665,10.05,6.334,-0.266,-2.322,23.015
AUT,1985,2.243,3.6,7.549,3.19,6.156,7.1,-0.23,-2.088,22.998
AUT,1986,2.341,3.1,7.557,1.737,-2.911,-2.348,0.21,-1.456,23.096
AUT,1987,1.681,3.8,7.567,1.408,5.447,3.101,-0.216,0.202,23.305
AUT,1988,0.961,2.676,7.576,1.868,10.4,10.2,-0.181,-1.364,23.834
AUT,1989,3.887,2.348,7.594,2.249,10.158,10.544,0.186,-0.22,25.014
AUT,1990,4.346,2.723,7.645,2.777,7.98,8.572,0.699,1.359,25.732
AUT,1991,3.442,3.151,7.711,3.116,5.114,2.937,0.035,2.184,25.263
AUT,1992,2.094,3.29,7.799,3.426,2.116,1.319,-0.385,1.546,24.227
AUT,1993,0.527,3.958,7.883,3.234,-5.489,-2.373,-0.532,-0.567,22.927
AUT,1994,2.402,3.85,7.929,2.711,10.332,5.688,-1.467,-0.785,22.855
AUT,1995,2.668,4.242,7.948,1.611,5.905,7.205,-2.86,-0.731,23.979
AUT,1996,2.398,4.717,7.959,1.771,8.642,9.979,-2.838,-0.676,23.499
AUT,1997,2.094,4.758,7.968,1.167,7.27,11.028,-2.546,-0.385,23.668
AUT,1998,3.581,4.708,7.977,0.817,5.758,7.852,-1.852,0.617,24.253
AUT,1999,3.556,4.142,7.992,0.516,4.064,6.434,-2.261,1.105,23.857
AUT,2000,3.376,3.883,8.012,1.956,10.186,13.525,-0.706,1.688,25.221
AUT,2001,1.267,4.008,8.042,2.302,5.192,5.771,-0.796,0.768,24.365
AUT,2002,1.652,4.392,8.082,1.681,0.291,4.286,2.102,0.276,25.745
AUT,2003,0.941,4.792,8.118,1.302,3.507,0.531,1.548,-1.202,25.957
AUT,2004,2.735,5.892,8.169,1.964,7.975,8.661,2.076,-0.759,26.137
AUT,2005,2.244,6.033,8.225,2.102,5.455,6.665,2.258,-0.522,26.084
AUT,2006,3.454,5.633,8.268,1.686,5.855,7.576,3.295,0.935,26.905
AUT,2007,3.727,5.192,8.295,2.2,5.635,7.572,3.802,2.611,28.387
AUT,2008,1.46,4.433,8.322,3.23,0.954,2.171,4.49,2.731,28.957
AUT,2009,-3.765,5.717,8.341,0.406,-11.899,-14.368,2.596,-1.295,25.372
AUT,2010,1.837,5.183,8.361,1.691,11.97,13.131,2.855,-0.672,25.463
AUT,2011,2.923,4.892,8.389,3.542,5.954,5.935,1.631,1.09,25.771
AUT,2012,0.68,5.242,8.426,2.569,0.924,1.438,1.483,0.69,25.46
AUT,2013,0.026,5.35,8.477,2.118,0.694,0.641,1.943,-0.34,25.666
AUT,2014,0.661,6.042,8.544,1.465,2.957,2.888,2.474,-0.96,26.006
AUT,2015,1.015,6.15,8.63,0.81,3.63,3.049,1.725,-0.923,25.531
AUT,2016,1.989,6.475,8.74,0.972,3.726,2.988,2.724,-0.496,26.981
AUT,2017,2.259,5.933,8.815,2.228,5.289,4.898,1.374,0.201,26.213
AUT,2018,2.425,5.208,8.885,2.122,5.348,5.198,0.905,0.976,26.631
AUT,2019,1.451,4.808,8.859,1.495,2.248,4.06,2.385,0.705,27.734
AUT,2020,-6.633,5.475,8.901,1.391,-10.02,-10.57,3.442,-2.066,29.069
AUT,2021,4.238,6.175,8.932,2.756,14.328,9.127,1.646,-2.335,29.306
AUT,2022,4.806,4.767,8.978,8.614,7.879,11.187,-0.291,1.484,27.263
AUT,2023,-0.746,5.1,9.105,7.71,7.879,11.187,-0.291,-0.265,27.263
BEL,1980,4.444,8.3,9.855,6.656,-1.5,1.3,-3.999,-0.318,19.837
BEL,1981,-0.279,10.0,9.863,7.626,-1.734,3.578,-4.094,-2.153,17.417
BEL,1982,0.595,11.5,9.855,8.723,1.872,3.555,-2.898,-3.149,16.597
BEL,1983,0.312,10.742,9.858,7.663,-0.968,3.859,-0.584,-4.465,16.305
BEL,1984,2.466,10.825,9.853,6.348,6.161,5.595,-0.067,-3.896,17.518
BEL,1985,1.652,10.117,9.858,4.868,0.553,0.228,0.799,-4.125,17.599
BEL,1986,1.823,10.05,9.859,1.296,3.899,2.288,2.622,-4.325,18.718
BEL,1987,2.307,9.808,9.865,1.554,6.837,4.561,1.926,-4.176,19.677
BEL,1988,4.723,8.833,9.876,1.162,10.74,10.295,2.277,-2.024,22.185
BEL,1989,3.469,7.367,9.928,3.105,10.041,8.776,2.255,-1.024,23.474
BEL,1990,3.137,6.558,9.948,3.453,4.837,4.579,1.817,-0.356,23.647
BEL,1991,1.833,6.45,9.987,3.167,2.807,2.789,2.319,-0.838,22.736
BEL,1992,1.531,7.092,10.022,2.26,3.146,2.379,2.914,-1.514,23.056
BEL,1993,-0.962,8.625,10.068,2.487,0.54,0.887,5.144,-4.413,24.409
BEL,1994,3.227,9.75,10.101,2.394,7.353,8.998,5.28,-3.561,25.628
BEL,1995,2.385,9.683,10.131,1.265,9.572,5.524,5.339,-0.782,25.77
BEL,1996,1.321,9.55,10.143,1.76,4.221,3.717,4.954,-1.613,25.247
BEL,1997,3.794,9.217,10.17,1.499,8.908,9.994,5.471,-0.279,26.212
BEL,1998,1.962,9.342,10.192,0.901,5.561,4.759,5.12,-0.696,26.086
BEL,1999,3.543,8.425,10.214,1.134,2.681,4.486,7.764,0.345,28.877
BEL,2000,3.717,6.858,10.239,2.682,12.157,11.807,3.965,1.583,26.203
BEL,2001,1.1,6.567,10.263,2.438,1.409,2.134,3.335,0.408,24.126
BEL,2002,1.707,7.525,10.31,1.552,7.384,7.974,4.501,-0.138,25.249
BEL,2003,1.038,8.175,10.356,1.517,0.496,-0.302,3.398,-1.267,24.362
BEL,2004,3.571,8.383,10.396,1.857,6.923,6.892,3.098,-0.044,25.765
BEL,2005,2.322,8.475,10.446,2.539,4.986,4.367,1.995,0.086,25.676
BEL,2006,2.552,8.267,10.511,2.331,5.253,4.408,1.85,0.565,25.821
BEL,2007,3.677,7.492,10.585,1.819,5.582,4.706,1.496,2.353,26.099
BEL,2008,0.447,6.967,10.667,4.49,-2.067,-2.243,-1.006,1.381,24.931
BEL,2009,-2.021,7.992,10.753,-0.004,-12.226,-10.694,1.657,-1.798,23.831
BEL,2010,2.865,8.383,10.84,2.329,7.079,8.248,1.624,-0.251,24.751
BEL,2011,1.694,7.233,11.001,3.344,4.947,4.349,-1.94,0.213,22.568
BEL,2012,0.739,7.65,11.076,2.621,-1.372,-1.624,-0.081,-0.267,23.609
BEL,2013,0.459,8.567,11.138,1.252,0.743,2.709,0.955,-1.027,23.383
BEL,2014,1.579,8.65,11.181,0.495,1.947,1.813,0.772,-0.748,23.908
BEL,2015,2.041,8.658,11.237,0.623,0.993,1.291,1.383,-0.055,25.011
BEL,2016,1.267,7.842,11.311,1.774,5.325,3.116,0.552,-0.062,24.804
BEL,2017,1.62,7.117,11.352,2.222,-0.055,0.856,0.698,0.248,25.154
BEL,2018,1.793,5.975,11.399,2.309,1.33,0.737,-0.914,0.728,24.502
BEL,2019,2.241,5.375,11.456,1.249,-0.383,0.048,0.098,1.645,25.108
BEL,2020,-5.261,5.575,11.522,0.421,-6.619,-6.399,1.412,-4.748,25.637
BEL,2021,6.851,6.267,11.555,3.21,15.292,14.718,1.309,-0.096,27.041
BEL,2022,3.01,5.558,11.618,10.325,5.426,7.196,-1.012,1.075,26.126
BEL,2023,1.461,5.533,11.743,2.293,5.426,7.196,-1.012,0.763,25.12
CYP,1980,5.92,2.8,0.509,13.518,4.353,9.317,-11.164,2.619,28.651
CYP,1981,3.051,2.8,0.515,10.745,-8.907,-1.636,-7.664,-0.517,29.564
CYP,1982,6.279,2.8,0.521,6.433,1.698,-2.302,-7.683,-0.446,27.407
CYP,1983,5.307,3.3,0.528,5.05,-4.395,-3.337,-8.835,-1.278,23.935
CYP,1984,8.837,3.3,0.535,5.992,4.753,0.473,-9.057,1.158,27.995
CYP,1985,4.746,3.3,0.541,5.034,-8.332,-4.628,-6.904,-0.209,26.724
CYP,1986,3.583,3.7,0.548,1.218,-2.115,7.845,-0.57,-2.696,27.087
CYP,1987,7.139,3.4,0.554,2.679,8.809,10.512,-0.193,-1.995,24.642
CYP,1988,8.317,2.8,0.559,3.433,19.195,17.036,-2.344,-0.24,24.651
CYP,1989,8.088,2.3,0.568,3.766,14.134,10.906,-5.074,1.496,25.439
CYP,1990,7.402,1.8,0.579,4.503,7.792,7.735,-2.571,2.948,22.693
CYP,1991,0.74,3.0,0.595,5.04,1.619,-7.558,-6.784,-1.698,17.543
CYP,1992,9.365,1.825,0.611,6.501,19.158,18.919,-8.596,2.094,18.184
CYP,1993,0.701,2.7,0.626,4.889,-25.485,-10.878,1.546,-2.172,23.993
CYP,1994,5.899,2.7,0.639,4.66,8.727,7.042,0.929,-1.359,24.624
CYP,1995,9.924,2.6,0.645,2.612,-17.329,-20.225,-2.065,3.379,25.978
CYP,1996,1.248,3.1,0.656,2.582,7.872,3.059,-4.67,-0.692,20.978
CYP,1997,2.641,3.4,0.666,3.308,0.885,3.517,-4.384,-3.064,20.716
CYP,1998,6.111,3.4,0.675,2.338,1.909,1.85,2.846,-1.996,23.073
CYP,1999,4.998,3.6,0.683,1.136,3.308,8.931,-1.622,-1.779,19.316
CYP,2000,5.966,4.842,0.69,4.858,12.546,10.456,-4.899,-0.466,16.06
CYP,2001,3.951,3.925,0.698,1.988,-0.193,2.177,-3.037,-0.841,16.235
CYP,2002,3.723,3.517,0.706,2.781,-0.355,-4.093,-3.444,-1.198,18.632
CYP,2003,2.624,4.108,0.714,3.978,-0.976,-1.394,-2.042,-2.338,18.356
CYP,2004,5.025,4.625,0.723,1.896,6.946,2.49,-4.548,-0.91,17.504
CYP,2005,4.855,5.3,0.733,2.026,1.57,2.051,-5.315,0.73,17.171
CYP,2006,4.714,4.55,0.744,2.252,5.702,1.268,-6.287,2.678,18.232
CYP,2007,5.096,3.925,0.758,2.171,10.463,5.28,-10.65,5.523,13.648
CYP,2008,3.648,3.65,0.776,4.384,12.508,-0.65,-14.74,7.461,14.216
CYP,2009,-2.016,5.325,0.797,0.18,-15.324,-4.654,-6.688,3.915,16.186
CYP,2010,2.283,6.275,0.819,2.559,10.796,6.324,-10.704,5.261,13.259
CYP,2011,0.417,7.85,0.84,3.482,-2.592,7.015,-2.309,4.913,16.566
CYP,2012,-3.448,11.8,0.862,3.088,-3.633,-0.575,-3.857,0.592,12.3
CYP,2013,-6.587,15.85,0.866,0.38,-4.556,1.123,-1.471,-6.841,11.422
CYP,2014,-1.775,16.075,0.858,-0.268,7.719,6.292,-4.056,-9.623,9.468
CYP,2015,3.417,14.9,0.847,-1.541,8.062,8.925,-0.447,-8.159,13.185
CYP,2016,6.574,12.95,0.848,-1.217,10.164,7.22,-4.184,-4.337,13.178
CYP,2017,5.734,11.05,0.855,0.683,14.303,10.982,-5.043,-1.608,15.6
CYP,2018,5.648,8.35,0.864,0.782,4.325,7.22,-3.957,-0.25,15.33
CYP,2019,5.537,7.075,0.876,0.545,9.503,8.724,-5.556,-0.2,14.239
CYP,2020,-3.443,7.575,0.888,-1.098,3.245,1.636,-9.968,-3.22,10.991
CYP,2021,9.91,7.475,0.896,2.243,15.364,21.639,-6.072,1.36,13.367
CYP,2022,5.059,6.775,0.905,8.084,18.282,13.618,-7.93,1.892,13.497
CYP,2023,2.46,6.775,0.921,3.943,5.1,-1.494,-7.93,1.06,13.733
DEU,1980,1.272,3.359,76.843,5.447,3.087,5.451,-1.782,2.455,21.54
DEU,1981,0.11,4.831,76.988,6.324,-2.961,7.201,-0.684,0.621,20.155
DEU,1982,-0.788,6.734,76.933,5.256,-0.758,3.748,0.866,-2.095,20.14
DEU,1983,1.555,8.099,76.664,3.284,2.678,-0.511,0.666,-2.584,21.089
DEU,1984,2.826,8.058,76.355,2.396,5.275,8.829,1.423,-1.996,21.766
DEU,1985,2.192,8.124,76.166,2.084,4.034,7.464,2.662,-2.172,22.133
DEU,1986,2.417,7.834,76.219,-0.125,3.233,-1.204,4.024,-2.29,23.679
DEU,1987,1.469,7.843,76.233,0.242,4.584,0.742,3.709,-3.449,22.885
DEU,1988,3.736,7.735,76.697,1.274,5.467,5.689,4.317,-2.564,24.038
DEU,1989,3.913,6.79,77.463,2.778,8.592,10.261,4.689,-1.541,25.348
DEU,1990,5.723,6.155,78.949,2.687,10.768,11.355,3.131,1.268,24.341
DEU,1991,5.011,5.47,79.973,3.474,12.734,14.197,-1.422,2.574,24.35
DEU,1992,1.92,6.592,80.5,5.046,2.287,-1.231,-1.183,2.545,24.077
DEU,1993,-0.977,7.775,80.946,4.476,-6.71,-6.012,-1.037,-0.661,22.902
DEU,1994,2.399,8.425,81.147,2.717,8.267,8.003,-1.5,-0.326,22.831
DEU,1995,1.541,8.233,81.308,1.733,7.2,6.881,-1.246,-0.705,23.081
DEU,1996,0.816,8.908,81.466,1.274,4.258,6.06,-0.676,-1.289,22.586
DEU,1997,1.785,9.658,81.51,1.507,9.289,12.389,-0.51,-0.976,22.866
DEU,1998,2.02,9.383,81.446,0.596,8.921,7.069,-0.711,-0.543,23.31
DEU,1999,1.887,8.558,81.423,0.647,8.606,4.934,-1.422,-0.096,22.581
DEU,2000,2.904,7.95,81.457,1.413,11.279,14.488,-1.761,1.272,22.726
DEU,2001,1.687,7.8,81.518,1.9,1.162,6.076,-0.368,1.545,22.592
DEU,2002,-0.201,8.6,81.579,1.326,-2.578,4.229,1.891,0.325,22.667
DEU,2003,-0.703,9.708,81.549,1.074,5.602,1.8,1.414,-1.41,21.851
DEU,2004,1.184,10.333,81.456,1.78,6.93,10.38,4.52,-1.336,24.359
DEU,2005,0.726,11.008,81.337,1.928,6.233,7.012,4.673,-1.836,24.159
DEU,2006,3.814,10.042,81.174,1.775,11.523,12.833,5.772,0.389,26.343
DEU,2007,2.982,8.542,80.993,2.271,6.489,9.251,6.861,2.33,28.241
DEU,2008,0.959,7.425,80.764,2.754,1.846,1.267,5.692,2.447,27.138
DEU,2009,-5.696,7.225,80.483,0.246,-9.721,-14.273,5.836,-3.87,24.393
DEU,2010,4.185,6.575,80.285,1.119,12.634,14.033,5.744,-1.007,25.81
DEU,2011,3.914,5.517,80.276,2.482,7.453,8.528,6.213,1.328,27.848
DEU,2012,0.427,5.083,80.426,2.159,0.541,3.572,7.129,0.235,26.845
DEU,2013,0.432,4.95,80.646,1.607,2.796,1.183,6.557,-0.843,26.611
DEU,2014,2.217,4.708,80.983,0.769,3.874,4.679,7.224,-0.37,27.594
DEU,2015,1.487,4.367,81.687,0.68,5.352,4.88,8.584,-0.371,28.327
DEU,2016,2.23,3.908,82.349,0.367,4.378,2.292,8.62,0.119,28.587
DEU,2017,2.68,3.567,82.657,1.702,5.722,5.559,7.834,0.972,28.797
DEU,2018,0.984,3.208,82.906,1.935,4.117,2.4,7.952,0.79,29.871
DEU,2019,1.071,2.975,83.093,1.354,3.379,2.297,8.17,0.357,30.04
DEU,2020,-3.829,3.625,83.161,0.371,-8.903,-10.032,7.058,-3.136,29.027
DEU,2021,3.169,3.575,83.196,3.212,8.76,9.488,7.704,-1.07,30.921
DEU,2022,1.804,3.067,83.798,8.666,6.774,3.451,4.409,0.755,29.438
DEU,2023,-0.305,3.008,84.537,6.03,-3.017,-1.655,6.802,-0.473,30.373
ESP,1980,1.203,11.011,37.656,15.578,4.096,0.789,-2.297,-2.66,19.856
ESP,1981,-0.408,13.755,38.014,14.549,-3.606,11.283,-2.499,-4.738,19.186
ESP,1982,1.239,15.77,38.217,14.416,4.926,5.573,-2.38,-5.201,19.106
ESP,1983,1.652,17.215,38.397,12.174,-1.194,9.613,-1.42,-5.403,19.429
ESP,1984,1.698,19.937,38.55,11.28,-1.334,12.036,1.21,-5.644,20.462
ESP,1985,2.362,21.305,38.686,8.815,7.545,0.669,1.149,-5.423,20.854
ESP,1986,3.432,20.907,38.798,8.795,17.189,0.23,1.463,-5.299,21.772
ESP,1987,5.709,20.223,38.888,5.248,24.787,5.269,-0.012,-2.757,21.516
ESP,1988,5.285,19.238,38.971,4.837,16.087,3.815,-0.985,-0.536,22.382
ESP,1989,5.004,17.24,39.048,6.791,17.712,1.428,-2.789,1.504,21.898
ESP,1990,3.847,16.238,39.117,6.722,9.624,4.694,-3.37,2.505,21.552
ESP,1991,2.525,16.313,39.221,5.934,10.339,8.252,-3.479,2.268,20.718
ESP,1992,0.851,18.353,39.35,7.145,6.823,7.503,-3.4,0.427,18.88
ESP,1993,-1.314,22.64,39.473,4.569,-5.224,7.839,-1.985,-3.457,19.289
ESP,1994,2.335,24.118,39.579,4.718,11.447,16.67,-2.164,-3.707,19.051
ESP,1995,4.122,22.9,39.672,4.674,11.275,8.31,-1.251,-2.279,21.004
ESP,1996,2.421,22.08,39.764,3.599,8.822,10.318,-0.859,-3.867,20.894
ESP,1997,3.865,20.61,39.869,1.877,13.272,14.99,-0.727,-2.936,21.379
ESP,1998,4.469,18.605,40.008,1.764,14.845,8.018,-1.685,-1.66,21.673
ESP,1999,4.745,15.64,40.215,2.235,13.657,7.479,-3.237,-0.63,21.594
ESP,2000,5.053,13.857,40.554,3.484,10.822,10.244,-4.31,0.493,22.33
ESP,2001,3.932,10.54,40.766,2.825,3.656,3.938,-4.375,1.385,22.084
ESP,2002,2.729,11.45,41.424,3.59,3.677,1.431,-3.73,1.366,22.954
ESP,2003,2.982,11.485,42.196,3.103,6.038,3.565,-3.883,1.539,23.62
ESP,2004,3.125,10.965,42.859,3.054,9.661,4.306,-5.482,1.948,22.803
ESP,2005,3.653,9.153,43.663,3.384,6.964,1.89,-7.254,2.899,22.133
ESP,2006,4.098,8.453,44.361,3.561,8.214,4.73,-8.851,4.079,21.714
ESP,2007,3.607,8.233,45.236,2.843,8.242,7.599,-9.432,4.825,21.01
ESP,2008,0.889,11.245,45.983,4.131,-5.508,-0.907,-8.903,3.272,19.551
ESP,2009,-3.766,17.855,46.368,-0.239,-18.303,-10.839,-4.088,-2.126,19.215
ESP,2010,0.165,19.858,46.562,2.043,6.198,9.064,-3.656,-2.937,18.648
ESP,2011,-0.814,21.39,46.736,3.05,-0.587,8.176,-2.724,-4.251,17.848
ESP,2012,-2.962,24.788,46.766,2.436,-5.836,0.93,0.086,-7.553,18.522
ESP,2013,-1.401,26.095,46.593,1.53,-0.215,4.384,2.038,-8.95,19.248
ESP,2014,1.398,24.443,46.455,-0.19,6.798,4.523,1.699,-7.788,19.593
ESP,2015,3.837,22.058,46.41,-0.629,5.078,4.316,2.025,-4.783,21.012
ESP,2016,3.038,19.635,46.45,-0.337,2.65,5.372,3.174,-2.776,21.917
ESP,2017,2.977,17.225,46.533,2.036,6.785,5.514,2.771,-1.075,22.171
ESP,2018,2.283,15.255,46.729,1.736,3.92,1.723,1.878,-0.03,22.346
ESP,2019,1.983,14.105,47.105,0.78,1.288,2.213,2.106,0.442,22.936
ESP,2020,-11.165,15.533,47.356,-0.337,-15.013,-20.054,0.618,-8.504,21.087
ESP,2021,6.4,14.785,47.331,3.008,14.917,13.496,0.761,-4.176,22.351
ESP,2022,5.771,12.918,47.615,8.323,6.988,15.154,0.612,-0.43,22.093
ESP,2023,2.501,12.115,47.81,3.4,0.33,2.322,2.6,0.107,22.91
EST,1993,-1.642,6.526,1.499,47.656,37.324,25.9,1.178,-0.384,26.455
EST,1994,-1.642,7.546,1.465,47.656,37.324,25.9,-6.587,-0.384,19.485
EST,1995,2.155,9.645,1.437,29.003,19.382,19.371,-4.04,-0.384,20.299
EST,1996,4.943,9.881,1.416,19.742,2.457,-2.468,-8.346,-1.575,19.815
EST,1997,13.05,9.634,1.4,9.311,11.986,12.281,-10.904,4.261,21.666
EST,1998,4.34,9.831,1.386,8.782,11.339,10.426,-8.459,1.783,21.912
EST,1999,-0.425,12.201,1.39,3.098,-9.317,-3.639,-4.267,-3.671,21.682
EST,2000,10.088,14.602,1.397,3.932,-5.352,-6.949,-5.41,0.136,23.065
EST,2001,6.004,13.009,1.388,5.626,12.365,6.331,-7.1,-0.163,22.482
EST,2002,6.771,11.227,1.379,3.588,13.285,2.821,-11.067,-0.702,21.874
EST,2003,7.6,10.342,1.371,1.387,14.002,10.174,-12.87,-0.979,22.329
EST,2004,6.804,10.14,1.363,3.038,16.136,17.293,-11.922,-1.316,22.733
EST,2005,9.526,8.031,1.355,4.117,16.7,19.923,-8.678,1.229,24.678
EST,2006,9.766,5.912,1.347,4.444,20.703,9.529,-14.927,4.623,24.905
EST,2007,7.579,4.592,1.341,6.745,12.982,12.616,-14.86,8.188,25.149
EST,2008,-5.132,5.455,1.337,10.606,-6.159,0.897,-8.657,2.514,22.978
EST,2009,-14.629,13.549,1.335,0.199,-30.604,-20.308,2.55,-9.526,23.56
EST,2010,2.444,16.707,1.331,2.741,21.255,24.216,1.783,-5.23,23.373
EST,2011,7.263,12.325,1.327,5.08,27.189,24.173,1.316,0.866,26.883
EST,2012,3.228,10.023,1.323,4.219,9.688,4.826,-1.897,1.739,27.459
EST,2013,1.458,8.628,1.318,3.247,2.446,2.801,0.292,0.455,27.521
EST,2014,3.011,7.351,1.315,0.476,3.047,2.64,0.716,0.522,27.866
EST,2015,1.853,6.185,1.315,0.068,-1.887,-1.502,1.774,-0.495,26.868
EST,2016,3.155,6.758,1.316,0.8,6.497,4.822,1.231,-0.634,26.434
EST,2017,5.792,5.763,1.317,3.651,3.991,4.832,2.264,1.22,28.727
EST,2018,3.784,5.371,1.322,3.412,5.928,2.899,0.876,1.079,28.905
EST,2019,4.034,4.448,1.327,2.268,3.735,5.031,2.453,1.578,28.994
EST,2020,-0.965,6.806,1.33,-0.634,1.301,-5.454,-1.9,-2.0,27.798
EST,2021,7.249,6.177,1.331,4.487,23.235,22.128,-2.592,2.6,28.454
EST,2022,-0.461,5.571,1.349,19.447,3.2,3.008,-3.232,0.3,27.481
EST,2023,-3.006,5.571,1.366,9.116,3.2,3.008,-3.232,-3.335,25.018
FIN,1980,5.673,5.288,4.771,11.602,8.552,8.098,-2.612,4.706,28.775
FIN,1981,1.294,5.743,4.788,12.0,-4.588,5.804,-0.909,2.338,27.697
FIN,1982,3.087,6.076,4.812,9.3,2.21,-1.87,-1.738,1.837,26.296
FIN,1983,3.122,6.147,4.842,8.4,4.113,4.327,-2.202,1.779,26.118
FIN,1984,3.213,5.928,4.87,7.0,0.918,6.527,-0.039,1.884,26.898
FIN,1985,3.537,6.049,4.894,5.82,6.362,0.637,-1.434,2.002,26.113
FIN,1986,2.726,6.665,4.911,2.9,3.492,1.684,-0.941,2.086,25.665
FIN,1987,3.559,4.9,4.926,4.082,8.79,2.757,-1.887,4.845,25.192
FIN,1988,5.211,4.208,4.939,5.135,10.63,3.167,-2.466,8.012,27.496
FIN,1989,5.087,3.108,4.954,6.572,9.012,2.746,-4.867,10.272,27.338
FIN,1990,0.211,3.2,4.974,4.957,-0.341,1.653,-5.052,7.651,25.087
FIN,1991,-5.886,6.7,4.998,4.545,-13.319,-7.895,-5.356,-0.397,18.737
FIN,1992,-3.295,11.8,5.029,3.254,0.697,10.379,-4.663,-5.103,16.41
FIN,1993,-0.662,16.5,5.055,3.326,1.364,16.668,-1.461,-7.124,17.123
FIN,1994,3.964,16.7,5.078,1.614,12.811,13.287,0.821,-5.223,20.582
FIN,1995,4.217,15.5,5.099,0.398,8.188,8.751,3.829,-3.663,24.115
FIN,1996,3.667,14.6,5.117,1.063,7.234,5.763,3.515,-3.097,23.696
FIN,1997,6.334,12.7,5.132,1.217,11.88,14.028,4.752,-0.484,26.452
FIN,1998,5.457,11.5,5.147,1.349,8.47,8.872,4.706,1.024,27.667
FIN,1999,4.38,10.275,5.16,1.31,4.287,11.337,4.845,1.449,27.2
FIN,2000,5.773,9.875,5.171,2.952,14.862,16.104,7.158,3.247,30.973
FIN,2001,2.609,9.2,5.181,2.665,1.381,1.822,7.675,2.144,30.807
FIN,2002,1.707,9.175,5.195,2.007,4.293,3.985,7.818,0.538,29.828
FIN,2003,2.004,9.075,5.206,1.29,4.108,-1.009,4.314,-0.504,26.498
FIN,2004,3.992,8.875,5.22,0.147,8.123,8.742,5.603,0.623,28.432
FIN,2005,2.78,8.475,5.237,0.774,11.182,6.95,2.877,0.896,27.435
FIN,2006,4.027,7.775,5.256,1.275,6.59,9.814,3.931,2.785,27.889
FIN,2007,5.299,6.95,5.277,1.583,7.382,8.986,4.028,6.173,29.544
FIN,2008,0.784,6.425,5.3,3.916,7.966,6.601,2.543,5.444,27.755
FIN,2009,-8.074,8.325,5.326,1.634,-16.998,-20.114,1.996,-3.796,23.431
FIN,2010,3.186,8.5,5.351,1.686,6.304,6.182,1.489,-1.303,23.536
FIN,2011,2.547,7.9,5.375,3.324,6.207,2.028,-1.44,0.64,22.568
FIN,2012,-1.397,7.8,5.401,3.162,1.125,0.233,-2.055,-1.24,21.3
FIN,2013,-0.902,8.325,5.427,2.216,0.125,0.574,-1.798,-2.773,20.504
FIN,2014,-0.365,8.825,5.451,1.209,-0.897,-1.952,-1.332,-3.693,20.563
FIN,2015,0.544,9.575,5.472,-0.156,1.963,0.392,-0.937,-3.797,20.748
FIN,2016,2.811,8.975,5.487,0.389,5.721,3.893,-1.999,-1.841,21.24
FIN,2017,3.192,8.825,5.503,0.839,4.314,8.822,-0.803,0.315,23.174
FIN,2018,1.14,7.425,5.513,1.169,5.732,1.503,-1.845,0.385,23.392
FIN,2019,1.224,6.725,5.518,1.137,2.364,6.675,-0.3,0.479,23.763
FIN,2020,-2.355,7.767,5.525,0.383,-6.157,-7.764,0.53,-2.57,25.023
FIN,2021,2.838,7.625,5.534,2.066,6.132,6.16,0.414,-0.641,24.485
FIN,2022,1.335,6.767,5.548,7.172,8.395,3.615,-2.56,-0.348,24.164
FIN,2023,-0.957,7.208,5.564,4.34,-7.385,-1.779,-1.021,-2.283,21.364
FRA,1980,1.809,6.349,53.731,13.057,2.622,2.702,-0.595,0.937,25.153
FRA,1981,1.069,7.438,54.029,13.333,-1.397,4.853,-0.771,0.097,22.748
FRA,1982,2.505,8.069,54.335,11.978,3.562,-1.126,-2.062,0.54,21.736
FRA,1983,1.241,7.383,54.65,9.46,-2.699,4.742,-0.838,-0.243,20.912
FRA,1984,1.514,8.458,54.895,7.674,3.402,6.771,-0.142,-0.815,21.087
FRA,1985,1.623,8.7,55.157,5.831,4.744,2.114,-0.063,-1.333,21.105
FRA,1986,2.337,8.875,55.411,2.539,6.665,-0.967,0.304,-1.629,22.061
FRA,1987,2.562,9.15,55.682,3.289,7.672,2.795,-0.476,-1.687,21.787
FRA,1988,4.743,8.842,55.966,2.701,8.444,8.462,-0.457,0.009,22.886
FRA,1989,4.344,8.7,56.27,6.569,8.068,9.778,-0.452,1.716,23.817
FRA,1990,2.924,8.4,56.577,0.323,5.042,4.146,-0.776,2.077,23.634
FRA,1991,1.048,8.617,56.841,3.406,2.956,6.277,-0.486,0.968,23.116
FRA,1992,1.599,9.442,57.111,2.455,1.767,5.95,0.273,0.411,22.233
FRA,1993,-0.629,10.267,57.369,2.234,-3.319,0.395,0.694,-2.042,20.237
FRA,1994,2.358,10.667,57.565,1.667,8.863,8.159,0.585,-1.678,20.902
FRA,1995,2.107,10.508,57.753,1.768,7.523,8.854,0.458,-1.473,20.971
FRA,1996,1.413,10.833,57.936,2.081,2.446,4.268,1.205,-2.179,20.828
FRA,1997,2.336,10.892,58.116,1.267,7.976,13.039,3.717,-2.126,23.169
FRA,1998,3.589,10.692,58.299,0.677,11.9,8.813,3.688,-1.008,24.368
FRA,1999,3.421,10.442,58.497,0.575,6.951,5.112,4.433,-0.191,25.797
FRA,2000,3.924,9.175,58.858,1.815,15.353,12.886,1.099,1.487,23.588
FRA,2001,1.984,8.458,59.267,1.784,2.382,3.072,1.575,1.245,23.74
FRA,2002,1.136,8.275,59.686,1.938,1.946,1.997,1.148,0.437,22.464
FRA,2003,0.823,8.517,60.102,2.169,0.894,-0.959,0.836,-0.591,22.022
FRA,2004,2.83,8.883,60.505,2.335,6.204,5.358,0.533,0.013,22.422
FRA,2005,1.663,8.883,60.963,1.888,6.32,3.976,0.104,0.014,22.556
FRA,2006,2.449,8.858,61.4,1.893,5.601,5.998,0.253,1.018,23.491
FRA,2007,2.425,8.017,61.795,1.608,5.756,2.791,-0.102,2.003,24.063
FRA,2008,0.255,7.442,62.135,3.16,1.295,0.441,-0.696,1.097,23.433
FRA,2009,-2.873,9.117,62.466,0.101,-9.355,-10.898,-0.55,-2.508,20.783
FRA,2010,1.949,9.267,62.765,1.738,8.893,8.695,-0.629,-1.786,21.318
FRA,2011,2.193,9.208,63.07,2.287,5.837,6.364,-0.86,-0.768,22.361
FRA,2012,0.313,9.767,63.376,2.216,0.2,2.842,-0.965,-1.516,21.662
FRA,2013,0.576,10.308,63.698,0.99,2.418,2.141,-0.51,-1.979,21.777
FRA,2014,0.956,10.267,64.028,0.613,4.899,3.272,-0.956,-2.215,21.754
FRA,2015,1.113,10.342,64.301,0.086,5.898,4.646,-0.368,-2.409,22.344
FRA,2016,1.095,10.067,64.469,0.307,2.929,1.776,-0.486,-2.664,22.123
FRA,2017,2.291,9.417,64.639,1.166,4.487,4.386,-0.767,-1.547,22.67
FRA,2018,1.865,9.025,64.844,2.1,3.079,4.527,-0.831,-0.833,23.026
FRA,2019,1.843,8.425,65.097,1.297,2.344,1.619,0.513,0.0,24.877
FRA,2020,-7.54,8.033,65.269,0.527,-12.324,-16.904,-1.618,-4.499,22.468
FRA,2021,6.321,7.875,65.505,2.068,9.049,10.657,0.36,-2.074,25.238
FRA,2022,2.526,7.308,65.722,5.903,8.796,7.368,-2.042,-0.892,25.935
FRA,2023,0.869,7.308,65.722,5.662,8.796,7.368,-2.042,-0.912,26.362
GRC,1980,0.679,2.663,9.584,24.873,9.337,11.073,-3.845,3.093,24.841
GRC,1981,-1.556,4.0,9.701,24.463,7.748,8.404,-4.547,0.619,19.315
GRC,1982,-1.13,5.8,9.758,21.125,-2.743,-16.461,-3.442,-1.198,23.517
GRC,1983,-1.078,7.9,9.821,20.179,2.302,-5.846,-3.786,-2.719,22.705
GRC,1984,2.007,8.1,9.872,18.456,-2.056,10.944,-4.411,-1.298,21.694
GRC,1985,2.513,7.8,9.92,19.315,4.619,1.832,-6.834,1.199,20.588
GRC,1986,0.515,7.4,9.949,23.017,13.059,16.848,-2.971,1.742,23.995
GRC,1987,-2.257,7.4,9.985,16.397,1.528,5.939,-1.862,-0.736,19.853
GRC,1988,4.288,7.7,10.016,13.518,8.395,-2.125,-1.253,2.464,22.333
GRC,1989,3.799,7.5,10.058,13.702,10.297,1.938,-3.232,5.022,20.783
GRC,1990,3.799,7.0,10.121,20.434,8.059,-3.465,-3.611,3.393,20.938
GRC,1991,3.102,7.7,10.273,19.456,5.424,4.124,-1.49,4.452,23.489
GRC,1992,0.697,8.7,10.367,15.877,0.777,10.02,-1.84,3.617,20.752
GRC,1993,-1.599,9.7,10.431,14.411,0.841,-2.597,-0.685,0.622,20.762
GRC,1994,2.0,9.6,10.49,10.873,1.851,7.387,-0.125,0.698,19.971
GRC,1995,2.1,10.0,10.536,8.788,8.318,2.996,-2.347,0.5,20.04
GRC,1996,2.862,10.3,10.588,7.873,9.822,4.91,-3.492,0.425,19.797
GRC,1997,4.484,10.3,10.629,5.441,8.697,26.171,-3.72,1.486,18.662
GRC,1998,3.895,11.2,10.693,4.517,18.043,4.892,-2.624,1.8,22.491
GRC,1999,3.073,12.125,10.748,2.141,14.945,26.992,-3.579,1.01,20.509
GRC,2000,3.92,11.35,10.776,2.897,20.369,23.258,-5.927,0.553,19.825
GRC,2001,4.132,10.775,10.836,3.642,1.085,23.258,-6.887,0.279,18.664
GRC,2002,3.923,10.35,10.888,3.921,-3.716,-7.372,-6.254,-0.127,18.435
GRC,2003,5.795,9.775,10.916,3.45,7.192,-0.565,-6.296,0.589,21.005
GRC,2004,5.061,10.6,10.94,3.02,4.593,19.38,-5.532,1.469,19.706
GRC,2005,0.599,10.0,10.97,3.486,0.934,2.834,-7.347,-0.619,14.681
GRC,2006,5.652,9.0,11.005,3.314,13.214,4.558,-10.86,2.119,15.224
GRC,2007,3.274,8.4,11.036,2.989,15.364,10.497,-13.921,3.101,12.982
GRC,2008,-0.335,7.75,11.061,4.23,1.641,3.891,-14.481,1.406,9.954
GRC,2009,-4.301,9.6,11.095,1.347,-20.197,-19.181,-10.869,-3.108,7.415
GRC,2010,-5.478,12.725,11.119,4.704,-3.082,4.566,-10.042,-7.548,7.82
GRC,2011,-10.149,17.85,11.123,3.118,-9.599,0.547,-10.149,-14.83,3.853
GRC,2012,-7.087,24.425,11.086,1.035,-5.585,1.645,-2.561,-18.392,9.537
GRC,2013,-2.516,27.475,11.004,-0.854,-3.636,12.926,-2.583,-18.194,9.366
GRC,2014,0.476,26.5,10.927,-1.394,6.734,8.01,-2.493,-15.976,9.386
GRC,2015,-0.196,24.9,10.858,-1.094,8.038,5.463,-1.479,-14.717,10.586
GRC,2016,-0.487,23.55,10.784,0.013,3.001,0.077,-2.373,-13.455,10.462
GRC,2017,1.092,21.45,10.768,1.138,4.951,7.803,-2.575,-11.362,9.446
GRC,2018,1.668,19.3,10.741,0.774,6.619,8.843,-3.577,-8.635,9.547
GRC,2019,1.88,17.325,10.725,0.517,1.16,3.395,-2.233,-6.214,10.175
GRC,2020,-9.316,16.325,10.719,-1.262,-1.454,-22.674,-7.349,-14.096,7.072
GRC,2021,8.38,14.775,10.679,0.574,8.975,21.463,-7.103,-6.507,10.576
GRC,2022,5.557,12.425,10.46,9.3,3.413,9.124,-10.741,-1.272,10.375
GRC,2023,2.011,10.891,10.46,4.155,-1.463,2.84,-6.941,-0.025,9.87
IRL,1980,2.898,17.7,3.427,18.345,-4.407,7.065,-10.557,10.967,15.302
IRL,1981,2.512,17.7,3.47,20.243,1.628,1.705,-12.631,11.032,13.434
IRL,1982,1.495,17.7,3.507,17.189,-3.693,4.482,-8.782,10.892,15.984
IRL,1983,-0.729,17.7,3.531,10.397,4.977,10.52,-5.602,9.863,15.842
IRL,1984,3.204,17.7,3.556,8.636,9.751,16.246,-5.163,6.464,15.511
IRL,1985,1.947,17.7,3.567,5.468,3.158,6.6,-3.271,6.9,14.64
IRL,1986,0.424,18.1,3.568,3.041,5.204,2.71,-2.875,5.959,14.745
IRL,1987,3.641,18.8,3.574,3.154,7.298,13.879,-0.261,3.368,16.026
IRL,1988,2.998,18.4,3.558,2.166,6.434,8.151,0.254,3.403,15.542
IRL,1989,5.614,17.9,3.536,3.99,13.886,11.417,-1.299,2.588,16.562
IRL,1990,7.711,17.2,3.533,3.357,6.024,9.173,-0.772,3.664,19.34
IRL,1991,1.642,19.0,3.553,3.132,2.439,5.61,0.696,6.134,18.802
IRL,1992,3.579,16.3,3.582,3.15,8.063,13.859,0.993,2.876,16.725
IRL,1993,2.314,16.7,3.601,1.418,7.529,9.812,3.563,1.055,18.867
IRL,1994,5.894,15.1,3.613,2.366,15.48,15.101,2.678,-1.841,19.097
IRL,1995,9.593,14.1,3.629,2.518,15.93,20.141,2.478,-6.744,20.894
IRL,1996,9.092,11.8,3.654,2.18,12.842,12.421,2.666,-4.31,22.771
IRL,1997,10.747,9.858,3.692,1.253,16.645,17.549,2.348,-2.242,24.407
IRL,1998,8.765,7.55,3.731,2.13,27.775,22.771,0.363,0.233,24.459
IRL,1999,10.53,5.908,3.774,2.412,12.617,15.772,-0.115,0.458,24.521
IRL,2000,9.404,4.383,3.829,5.303,21.686,21.187,0.614,2.907,25.122
IRL,2001,5.306,4.183,3.889,3.998,13.101,14.008,0.179,1.858,24.435
IRL,2002,5.899,4.733,3.956,4.686,5.339,6.476,0.247,0.785,24.329
IRL,2003,3.014,4.85,4.021,4.0,-2.418,-1.698,0.492,1.239,26.236
IRL,2004,6.789,4.758,4.1,2.31,1.905,6.521,-0.098,0.811,27.12
IRL,2005,5.739,4.633,4.2,2.201,12.723,5.48,-3.54,2.512,26.769
IRL,2006,4.988,4.767,4.321,2.674,9.303,6.051,-5.353,4.414,26.54
IRL,2007,5.311,5.0,4.445,2.889,9.351,8.901,-6.511,5.646,22.738
IRL,2008,-4.484,6.808,4.516,3.119,-2.787,-3.804,-6.255,2.413,18.412
IRL,2009,-5.095,12.65,4.547,-1.676,-1.702,4.648,-4.667,-3.779,15.637
IRL,2010,1.682,14.6,4.568,-1.636,0.569,5.983,-1.287,-3.876,15.989
IRL,2011,1.281,15.408,4.585,1.213,2.642,3.108,-1.696,-4.2,15.537
IRL,2012,-0.129,15.492,4.605,1.892,-1.016,-0.822,-3.387,-4.948,16.624
IRL,2013,1.175,13.758,4.631,0.538,1.085,2.991,1.555,-3.165,20.262
IRL,2014,8.829,11.892,4.667,0.301,14.664,14.592,1.071,-1.2,23.456
IRL,2015,24.475,9.925,4.714,-0.05,32.355,39.166,4.385,0.5,30.295
IRL,2016,1.766,8.383,4.771,-0.183,19.004,4.603,-4.217,1.9,33.223
IRL,2017,9.311,6.767,4.825,0.259,1.18,9.635,0.489,1.817,35.142
IRL,2018,8.471,5.808,4.886,0.716,2.467,9.805,4.889,1.137,33.565
IRL,2019,5.298,5.0,4.95,0.86,42.323,11.848,-19.86,0.467,34.915
IRL,2020,6.617,5.842,4.993,-0.443,-1.729,11.531,-6.531,-1.999,36.529
IRL,2021,15.125,6.242,5.038,2.413,-7.507,15.103,13.715,2.288,37.325
IRL,2022,9.433,4.45,5.166,8.049,15.901,13.922,10.782,0.572,34.497
IRL,2023,-3.199,4.317,5.234,5.209,0.406,-4.762,9.868,0.366,36.418
ITA,1980,3.099,7.37,56.388,21.8,3.006,1.786,-3.538,0.0,22.862
ITA,1981,-1.234,7.649,56.479,19.51,0.393,11.9,-3.552,-3.194,20.425
ITA,1982,0.414,8.288,56.524,16.46,-0.054,-1.305,-2.388,-4.612,19.765
ITA,1983,1.169,7.367,56.563,14.7,-3.067,3.8,0.307,-5.507,19.983
ITA,1984,3.226,7.833,56.565,10.74,12.825,7.702,-0.914,-4.47,20.306
ITA,1985,2.798,8.167,56.588,8.969,4.275,3.575,-1.224,-3.985,19.437
ITA,1986,2.86,8.867,56.598,5.82,5.316,1.685,0.428,-3.488,20.31
ITA,1987,3.192,9.617,56.594,4.72,12.033,4.113,-0.361,-2.693,19.648
ITA,1988,4.194,9.683,56.609,5.09,5.962,5.189,-0.899,-1.031,20.779
ITA,1989,3.389,9.667,56.649,6.245,8.55,8.527,-1.614,0.042,19.824
ITA,1990,2.053,8.858,56.694,6.395,9.63,6.857,-1.866,-0.155,19.964
ITA,1991,1.435,8.533,56.744,6.215,1.798,-1.971,-2.439,-0.878,19.066
ITA,1992,0.834,8.808,56.773,4.982,7.115,7.285,-2.619,-1.994,18.299
ITA,1993,-0.853,9.833,56.821,4.499,-11.195,8.973,1.137,-4.254,19.555
ITA,1994,2.151,10.633,56.842,4.167,8.05,9.626,1.17,-3.769,19.891
ITA,1995,2.887,11.15,56.844,5.387,9.555,12.584,2.077,-2.616,22.139
ITA,1996,1.197,11.15,56.844,3.985,-0.429,1.446,2.944,-2.997,22.378
ITA,1997,1.83,11.242,56.876,1.849,10.39,5.035,2.603,-2.896,22.104
ITA,1998,1.811,11.333,56.904,2.031,9.036,2.694,1.654,-2.745,21.389
ITA,1999,1.626,10.942,56.909,1.651,4.495,-0.978,0.801,-2.739,21.034
ITA,2000,3.787,10.1,56.924,2.58,10.991,12.085,-0.273,-0.59,20.592
ITA,2001,1.951,9.1,56.961,2.324,2.431,2.571,0.155,-0.009,20.998
ITA,2002,0.254,8.608,56.993,2.612,0.563,-2.804,-0.498,-0.862,21.073
ITA,2003,0.139,8.45,57.186,2.813,0.74,-1.299,-0.787,-1.655,20.392
ITA,2004,1.424,8.042,57.612,2.257,4.573,6.13,-0.482,-1.197,20.781
ITA,2005,0.818,7.758,58.044,2.207,3.441,3.217,-0.883,-0.937,20.286
ITA,2006,1.791,6.875,58.289,2.229,7.959,8.31,-1.476,0.35,20.482
ITA,2007,1.487,6.208,58.511,2.025,5.454,6.197,-1.367,1.365,20.879
ITA,2008,-0.962,6.783,59.002,3.492,-4.025,-3.169,-2.795,0.288,18.984
ITA,2009,-5.281,7.875,59.421,0.765,-13.118,-17.817,-1.885,-4.734,17.624
ITA,2010,1.713,8.5,59.69,1.62,12.167,11.761,-3.295,-2.861,17.285
ITA,2011,0.707,8.583,59.948,2.935,0.563,5.42,-2.825,-2.073,17.643
ITA,2012,-2.981,10.908,60.105,3.315,-8.12,2.032,-0.231,-4.304,17.559
ITA,2013,-1.841,12.358,60.277,1.245,-2.702,0.374,1.145,-5.864,18.037
ITA,2014,-0.005,12.767,60.346,0.234,3.453,2.615,1.91,-5.757,18.869
ITA,2015,0.778,12.017,60.295,0.108,6.464,4.274,1.446,-4.911,18.553
ITA,2016,1.293,11.725,60.164,-0.05,3.927,1.865,2.648,-3.617,20.209
ITA,2017,1.668,11.292,60.067,1.326,6.091,5.437,2.659,-2.211,20.713
ITA,2018,0.926,10.617,59.938,1.243,3.438,2.142,2.605,-1.488,21.133
ITA,2019,0.483,9.9,59.817,0.634,-0.7,1.573,3.26,-1.25,21.5
ITA,2020,-8.974,9.358,59.641,-0.145,-12.128,-13.508,3.884,-5.889,21.584
ITA,2021,8.31,9.525,59.236,1.941,15.555,14.065,2.422,-3.063,24.16
ITA,2022,3.986,8.117,59.03,8.736,12.913,10.241,-1.454,0.101,21.636
ITA,2023,0.921,8.117,58.851,5.903,12.913,10.241,-1.454,0.32,21.072
LTU,1990,5.239,14.6,3.629,23.092,23.166,19.044,-9.176,,13.587
LTU,1991,5.239,14.6,3.629,23.092,23.166,19.044,-9.176,,13.587
LTU,1992,5.239,14.6,3.629,23.092,23.166,19.044,-9.176,,13.587
LTU,1993,5.239,14.6,3.629,23.092,23.166,19.044,-9.176,,13.587
LTU,1994,5.239,14.6,3.629,23.092,23.166,19.044,-9.176,,13.587
LTU,1995,5.239,14.6,3.629,23.092,23.166,19.044,-9.176,,13.587
LTU,1996,5.239,14.6,3.602,23.092,23.166,19.044,-8.621,,12.443
LTU,1997,8.311,14.6,3.575,8.735,24.966,18.838,-9.699,,14.863
LTU,1998,7.476,14.6,3.549,5.369,6.14,4.659,-11.55,,12.753
LTU,1999,-1.141,14.6,3.524,1.443,-12.351,-16.372,-10.883,,10.66
LTU,2000,3.696,16.375,3.5,1.094,4.976,9.557,-5.855,,13.257
LTU,2001,6.526,17.362,3.471,1.549,17.576,21.209,-4.688,,14.538
LTU,2002,6.751,13.737,3.443,0.336,18.582,18.611,-5.148,,15.574
LTU,2003,10.566,12.441,3.415,-1.077,8.856,8.426,-6.807,,15.122
LTU,2004,6.57,10.884,3.377,1.154,15.211,4.093,-7.622,,15.115
LTU,2005,7.732,8.324,3.323,2.672,16.831,17.028,-7.388,,16.878
LTU,2006,7.414,5.778,3.27,3.757,14.302,12.808,-10.619,,16.328
LTU,2007,11.107,4.248,3.231,5.818,10.649,3.193,-15.329,,16.98
LTU,2008,2.615,5.827,3.198,11.092,10.819,11.618,-13.228,,14.896
LTU,2009,-14.839,13.787,3.163,4.161,-28.654,-13.676,2.037,,14.694
LTU,2010,1.652,17.814,3.097,1.191,16.811,16.382,0.217,,18.343
LTU,2011,6.039,15.39,3.028,4.124,14.217,14.547,-3.671,,18.292
LTU,2012,3.844,13.366,2.988,3.164,5.17,10.847,-1.571,,18.189
LTU,2013,3.55,11.77,2.958,1.164,5.812,7.27,1.685,,21.211
LTU,2014,3.537,10.699,2.932,0.242,-1.672,-1.823,3.463,,23.086
LTU,2015,2.025,9.119,2.905,-0.677,9.353,2.42,-2.434,,18.835
LTU,2016,2.519,7.861,2.868,0.678,4.041,4.927,-1.071,,18.138
LTU,2017,4.283,7.073,2.828,3.718,11.141,13.522,0.535,,19.716
LTU,2018,3.993,6.146,2.802,2.531,6.025,6.806,0.286,,20.643
LTU,2019,4.666,6.254,2.794,2.242,6.005,10.067,3.539,,21.323
LTU,2020,-0.025,8.488,2.795,1.062,-4.35,0.215,7.284,,21.865
LTU,2021,6.285,7.113,2.801,4.625,19.934,17.042,1.135,,21.505
LTU,2022,2.44,5.925,2.824,18.858,12.42,12.189,-5.47,,21.403
LTU,2023,-0.343,6.558,2.883,8.685,12.42,12.189,-5.47,,22.121
LUX,1980,3.17,0.723,0.364,6.3,7.306,3.319,12.022,1.321,15.608
LUX,1981,0.798,1.015,0.365,8.073,7.306,3.319,12.022,1.321,14.585
LUX,1982,1.039,1.33,0.366,9.357,7.306,3.319,12.022,1.321,11.245
LUX,1983,1.887,1.615,0.366,8.669,7.306,3.319,12.022,1.321,14.974
LUX,1984,4.73,1.748,0.366,5.637,7.306,3.319,12.022,1.321,16.622
LUX,1985,5.596,1.667,0.367,4.094,7.306,3.319,12.022,1.321,29.87
LUX,1986,9.983,1.458,0.368,0.3,7.306,3.319,12.022,4.507,30.794
LUX,1987,3.951,1.669,0.371,-0.1,7.306,3.319,12.022,2.66,30.267
LUX,1988,8.464,1.536,0.374,1.4,10.451,11.073,12.022,5.201,30.623
LUX,1989,9.798,1.402,0.378,3.4,9.148,12.588,12.022,9.211,32.605
LUX,1990,5.32,1.256,0.382,3.7,4.999,5.587,12.022,8.919,34.018
LUX,1991,8.645,1.38,0.387,3.1,9.129,9.186,12.022,12.276,35.244
LUX,1992,1.819,1.634,0.392,3.2,-3.095,2.731,12.022,8.685,35.683
LUX,1993,4.201,2.105,0.398,3.6,5.222,4.758,12.022,7.836,35.645
LUX,1994,3.821,2.732,0.404,2.2,6.711,7.69,12.022,6.701,33.835
LUX,1995,1.432,2.961,0.406,1.9,4.235,4.571,12.022,3.176,31.714
LUX,1996,1.515,3.241,0.412,1.156,5.387,2.271,11.566,-1.347,31.851
LUX,1997,5.937,3.302,0.417,1.371,12.605,11.367,9.978,-1.561,32.325
LUX,1998,6.492,3.057,0.422,0.972,11.812,11.173,8.556,-1.347,32.005
LUX,1999,8.421,2.89,0.427,1.021,14.816,14.251,10.771,0.781,34.835
LUX,2000,8.442,2.4,0.434,3.782,15.012,17.131,12.654,3.454,35.213
LUX,2001,3.074,2.217,0.439,2.404,6.83,6.417,8.275,1.93,30.487
LUX,2002,3.225,2.5,0.444,2.056,-1.489,-0.098,7.609,0.826,28.036
LUX,2003,2.619,3.292,0.448,2.528,3.644,2.783,7.145,-0.596,28.455
LUX,2004,4.231,3.692,0.455,3.244,9.095,9.232,7.074,-0.203,28.379
LUX,2005,2.482,4.083,0.461,3.761,6.148,5.977,6.938,-1.23,28.449
LUX,2006,6.016,4.233,0.469,2.962,11.492,12.922,6.642,1.398,25.646
LUX,2007,8.099,4.183,0.476,2.655,2.564,5.128,6.549,6.45,26.062
LUX,2008,-0.302,4.142,0.484,4.092,2.181,-0.328,6.129,3.374,26.708
LUX,2009,-3.239,5.483,0.494,0.007,-9.073,-7.243,5.785,-2.336,21.968
LUX,2010,3.76,5.817,0.502,2.795,14.253,10.156,5.778,-0.906,23.861
LUX,2011,1.044,5.667,0.512,3.728,6.746,4.388,5.64,-2.005,24.909
LUX,2012,1.65,6.099,0.525,2.888,1.76,1.619,5.3,-2.483,24.052
LUX,2013,3.172,6.83,0.537,1.699,6.229,6.316,5.09,-1.515,23.236
LUX,2014,2.623,7.092,0.55,0.694,8.236,6.516,4.918,-1.085,24.011
LUX,2015,2.269,6.648,0.563,0.059,5.707,5.139,4.737,-1.012,23.696
LUX,2016,4.978,6.263,0.576,0.043,3.752,5.309,4.727,1.683,22.659
LUX,2017,1.317,5.843,0.591,2.112,0.754,-0.227,4.451,0.834,23.341
LUX,2018,1.219,5.103,0.602,2.018,3.711,3.612,6.49,-0.073,23.535
LUX,2019,2.916,5.406,0.614,1.651,7.411,5.996,8.873,0.721,27.566
LUX,2020,-0.91,6.363,0.626,0.006,-0.377,0.594,8.595,-1.729,25.94
LUX,2021,7.169,5.746,0.635,3.468,12.374,10.278,7.9,2.895,26.739
LUX,2022,1.38,4.817,0.645,8.15,-1.906,-0.641,7.65,2.064,25.396
LVA,1992,-11.4,3.178,2.677,109.2,38.109,44.955,11.298,,18.204
LVA,1993,-11.4,6.951,2.669,109.2,38.109,44.955,15.277,,16.035
LVA,1994,2.2,6.951,2.627,35.9,13.155,-1.791,4.439,,16.604
LVA,1995,-2.084,6.951,2.501,25.0,24.858,9.119,-0.299,,12.638
LVA,1996,2.588,20.711,2.47,17.6,33.506,26.276,-4.682,,10.612
LVA,1997,8.837,15.167,2.445,8.074,8.964,13.493,-5.285,,13.948
LVA,1998,6.336,13.958,2.421,4.295,20.357,8.422,-9.06,,13.924
LVA,1999,2.756,14.067,2.399,2.114,-5.351,-6.578,-7.22,,21.251
LVA,2000,5.676,14.342,2.382,2.633,2.675,14.419,-4.703,,19.784
LVA,2001,6.324,13.475,2.353,2.526,15.639,9.038,-7.509,,20.343
LVA,2002,7.088,12.492,2.321,1.963,2.711,5.03,-6.471,,21.376
LVA,2003,8.423,11.642,2.299,2.94,11.865,3.98,-7.773,,22.014
LVA,2004,8.284,11.742,2.277,6.187,20.656,13.752,-12.238,,20.843
LVA,2005,10.72,10.042,2.25,6.89,17.055,23.505,-11.784,,23.273
LVA,2006,11.972,7.033,2.228,6.571,21.879,7.542,-20.767,,19.056
LVA,2007,9.942,6.075,2.209,10.081,17.446,13.86,-20.662,,20.898
LVA,2008,-3.249,7.75,2.192,15.253,-11.14,2.319,-12.26,,23.012
LVA,2009,-14.26,17.55,2.163,3.259,-30.894,-12.874,7.658,,30.094
LVA,2010,-4.456,19.475,2.121,-1.224,12.806,13.444,1.697,,22.041
LVA,2011,2.574,16.208,2.075,4.222,22.78,12.604,-3.405,,22.359
LVA,2012,7.042,15.048,2.045,2.285,5.247,9.498,-3.726,,23.795
LVA,2013,2.008,11.868,2.024,0.011,-0.127,0.659,-2.791,,21.558
LVA,2014,1.902,10.847,2.001,0.69,3.0,6.272,-1.642,,22.22
LVA,2015,3.885,9.875,1.986,0.213,1.647,2.974,-0.61,,23.195
LVA,2016,2.369,9.642,1.969,0.099,3.565,3.956,1.569,,22.734
LVA,2017,3.312,8.715,1.95,2.894,8.546,6.352,1.227,,23.24
LVA,2018,3.991,7.415,1.934,2.554,6.338,4.405,-0.175,,23.031
LVA,2019,0.588,6.311,1.92,2.747,2.224,1.298,-0.621,,22.202
LVA,2020,-3.514,8.099,1.908,0.081,-1.143,0.355,2.913,,24.315
LVA,2021,6.732,7.557,1.893,3.239,15.061,9.045,-3.934,,21.076
LVA,2022,2.955,6.851,1.876,17.245,11.094,10.315,-4.775,,20.262
LVA,2023,-0.306,6.503,1.883,9.058,-2.857,-5.925,-4.011,,18.949
MLT,1980,-1.175,12.5,0.315,2.692,17.843,16.331,-4.85,1.842,49.2
MLT,1981,-1.175,12.5,0.318,11.61,-8.248,-11.931,-4.85,1.842,56.183
MLT,1982,-1.175,12.5,0.32,5.817,-4.05,-15.656,-4.85,1.842,53.161
MLT,1983,-1.175,12.5,0.332,-0.925,-4.249,1.331,-4.85,1.842,47.228
MLT,1984,-1.175,12.5,0.329,-0.443,3.796,3.884,-4.85,1.842,47.852
MLT,1985,-1.175,12.2,0.332,-0.236,9.044,7.221,-4.85,1.842,41.21
MLT,1986,-1.175,11.0,0.341,2.031,-0.033,6.862,-4.85,1.842,41.523
MLT,1987,-1.175,8.2,0.343,0.416,14.029,14.347,-4.85,1.842,45.542
MLT,1988,-1.175,6.2,0.346,0.946,34.868,26.189,-4.85,1.842,50.798
MLT,1989,-1.175,4.636,0.349,0.866,11.077,10.7,-4.85,1.842,45.547
MLT,1990,-1.175,4.8,0.352,2.975,15.665,13.269,-4.85,1.842,48.583
MLT,1991,-1.175,4.4,0.362,2.552,5.394,7.525,-4.85,1.842,48.691
MLT,1992,-1.175,4.9,0.366,1.845,3.026,9.668,-4.85,1.842,44.106
MLT,1993,-1.175,5.4,0.369,4.031,5.874,5.296,-4.85,1.842,40.81
MLT,1994,-1.175,5.4,0.373,4.128,7.534,7.123,-4.85,1.842,39.879
MLT,1995,-1.175,4.9,0.376,3.973,10.032,5.366,-4.85,1.842,31.378
MLT,1996,-1.175,5.2,0.378,1.964,-5.921,-5.899,-5.252,1.842,25.111
MLT,1997,-1.175,6.2,0.381,3.919,-1.684,3.975,-2.736,1.842,29.688
MLT,1998,-1.175,6.6,0.384,3.673,2.511,8.141,-2.664,1.842,27.081
MLT,1999,-1.175,7.1,0.386,2.294,10.125,8.231,-1.506,1.842,31.384
MLT,2000,-1.175,6.758,0.389,3.03,10.431,5.582,-5.141,1.842,21.353
MLT,2001,-1.175,7.617,0.391,2.518,-9.157,-3.979,-1.555,-1.315,16.884
MLT,2002,2.565,7.025,0.395,2.626,1.242,6.312,0.996,-0.714,16.686
MLT,2003,4.074,7.567,0.397,1.939,4.555,-0.342,-1.224,1.118,17.729
MLT,2004,0.14,7.217,0.4,2.719,-1.176,-2.104,-5.44,-1.057,13.495
MLT,2005,3.384,6.942,0.403,2.529,5.986,4.303,-8.147,-0.287,13.156
MLT,2006,2.51,6.817,0.405,2.57,18.433,17.511,-9.324,-0.514,11.883
MLT,2007,4.775,6.467,0.406,0.713,8.13,10.865,-3.848,1.418,17.003
MLT,2008,3.826,5.975,0.408,4.676,19.529,19.409,-1.039,2.606,21.09
MLT,2009,-1.134,6.883,0.411,1.836,-1.079,-0.415,-6.451,-1.05,13.58
MLT,2010,5.544,6.842,0.414,2.032,8.217,8.205,-4.509,1.525,17.767
MLT,2011,0.467,6.392,0.415,2.516,3.793,5.272,-0.198,-1.405,17.484
MLT,2012,4.118,6.2,0.418,3.225,3.773,5.466,1.657,-1.747,18.812
MLT,2013,5.473,6.108,0.423,0.991,-1.246,0.949,2.563,-1.902,18.738
MLT,2014,7.634,5.733,0.429,0.777,0.898,3.45,8.502,-0.953,24.167
MLT,2015,9.608,5.392,0.44,1.168,19.266,15.438,2.699,1.39,26.839
MLT,2016,3.381,4.7,0.45,0.897,5.771,7.024,-0.567,-2.045,22.687
MLT,2017,10.869,4.0,0.46,1.262,5.571,10.371,5.859,1.754,26.475
MLT,2018,7.416,3.658,0.476,1.735,9.072,8.447,5.612,3.12,25.465
MLT,2019,7.124,3.633,0.494,1.519,10.51,9.686,9.029,5.038,29.596
MLT,2020,-8.157,4.358,0.515,0.794,1.518,-1.813,2.198,-7.898,23.723
MLT,2021,12.514,3.408,0.516,0.715,5.074,7.575,1.204,-1.552,22.643
MLT,2022,8.076,2.917,0.521,6.125,11.684,8.56,-2.976,0.583,23.043
MLT,2023,5.614,2.5,0.542,5.655,11.684,8.56,-2.976,1.094,21.403
NLD,1980,-0.514,3.354,14.091,6.8,-6.058,1.424,-0.441,1.969,23.127
NLD,1981,-0.514,4.583,14.209,6.8,-6.058,1.424,2.356,-0.352,23.133
NLD,1982,-1.283,6.525,14.286,5.9,0.039,-0.446,3.194,-2.444,22.9
NLD,1983,1.758,8.254,14.34,2.9,3.916,3.189,3.322,-2.389,23.75
NLD,1984,3.118,8.09,14.395,3.4,5.307,7.751,4.475,-0.388,25.115
NLD,1985,2.656,7.327,14.454,2.3,6.464,5.137,2.936,0.254,24.051
NLD,1986,3.126,6.52,14.529,2.3,4.245,2.705,2.142,-0.344,24.783
NLD,1987,1.85,6.337,14.615,-1.0,3.718,3.49,1.695,-1.002,24.406
NLD,1988,4.585,6.247,14.715,0.5,3.213,7.522,2.699,-1.331,26.678
NLD,1989,4.481,5.674,14.805,1.1,7.802,8.612,3.853,0.272,28.523
NLD,1990,4.178,5.112,14.893,2.5,3.976,5.66,2.517,1.0,26.743
NLD,1991,2.451,4.799,15.01,3.179,6.335,6.605,2.255,0.209,25.628
NLD,1992,1.589,4.865,15.129,2.837,2.851,2.945,1.871,-0.709,25.18
NLD,1993,1.264,5.53,15.239,1.642,0.396,3.967,3.71,-1.64,25.175
NLD,1994,3.009,6.193,15.342,2.12,9.032,8.67,4.521,-1.59,26.208
NLD,1995,2.773,7.733,15.424,1.348,9.821,8.376,5.693,-1.87,27.421
NLD,1996,3.494,7.099,15.494,1.447,5.323,4.248,4.772,-1.51,27.333
NLD,1997,4.328,6.101,15.567,1.856,11.13,9.754,6.009,-0.51,28.852
NLD,1998,4.668,4.93,15.654,1.783,8.392,6.652,2.971,0.71,25.915
NLD,1999,5.032,4.139,15.76,2.038,9.882,9.037,3.504,2.27,26.721
NLD,2000,4.199,3.66,15.864,2.347,11.112,12.304,1.738,3.27,24.308
NLD,2001,2.328,3.137,15.987,5.113,2.627,1.576,2.274,2.82,24.992
NLD,2002,0.217,3.665,16.105,3.852,0.353,0.626,2.33,0.67,23.338
NLD,2003,0.158,5.921,16.193,2.227,1.981,1.822,5.154,-1.25,25.643
NLD,2004,1.983,6.773,16.258,1.383,6.334,8.172,7.56,-1.3,27.882
NLD,2005,2.047,6.961,16.306,1.491,5.425,5.769,7.047,-1.012,27.501
NLD,2006,3.462,6.079,16.334,1.654,7.605,7.16,9.085,0.303,30.109
NLD,2007,3.772,5.295,16.358,1.587,7.901,5.36,6.886,1.999,30.235
NLD,2008,2.172,4.77,16.405,2.213,-0.759,1.681,4.966,2.642,27.297
NLD,2009,-3.667,5.422,16.486,0.972,-7.612,-8.566,5.415,-1.775,26.136
NLD,2010,1.341,6.082,16.575,0.929,8.552,9.764,6.934,-0.677,27.156
NLD,2011,1.55,6.05,16.656,2.472,3.877,5.157,8.535,0.673,28.575
NLD,2012,-1.031,6.823,16.73,2.818,2.166,3.266,10.194,-0.617,28.919
NLD,2013,-0.127,8.204,16.78,2.556,2.326,2.523,9.751,-1.127,28.261
NLD,2014,1.424,8.338,16.829,0.32,3.271,4.621,8.172,-0.59,26.085
NLD,2015,1.958,7.887,16.901,0.219,14.883,7.444,5.204,-0.268,27.679
NLD,2016,2.192,7.005,16.979,0.114,-1.977,1.668,7.114,-0.073,27.601
NLD,2017,2.911,5.873,17.082,1.293,6.174,6.489,8.918,0.967,29.511
NLD,2018,2.361,4.881,17.181,1.599,4.714,4.324,9.32,1.396,30.277
NLD,2019,1.956,4.436,17.282,2.669,3.258,1.979,6.919,1.503,29.016
NLD,2020,-3.885,4.851,17.408,1.106,-4.671,-4.272,5.142,-4.156,26.898
NLD,2021,6.192,4.226,17.475,2.819,6.426,8.099,12.114,-0.224,33.646
NLD,2022,4.326,3.537,17.591,11.617,3.797,4.496,9.271,2.016,30.503
NLD,2023,0.093,3.553,17.811,4.117,3.797,4.496,9.271,0.448,30.244
PRT,1980,6.725,7.824,9.766,5.862,6.585,-0.592,-3.263,5.61,30.634
PRT,1981,3.523,8.29,9.851,21.152,6.585,-0.592,-14.428,5.058,20.984
PRT,1982,2.163,7.457,9.912,22.73,5.872,4.833,-10.621,3.803,24.786
PRT,1983,0.972,7.945,9.958,25.106,-6.485,20.796,-5.775,1.388,24.329
PRT,1984,-1.042,10.503,9.996,29.3,-2.073,14.34,-2.401,-3.017,22.849
PRT,1985,1.636,8.674,10.024,19.335,4.634,8.319,1.395,-4.871,25.439
PRT,1986,3.32,8.603,10.033,11.666,18.848,7.979,3.078,-5.332,26.73
PRT,1987,7.632,7.126,10.03,9.402,27.402,10.135,0.918,-2.029,28.752
PRT,1988,5.34,7.069,10.02,9.58,21.642,8.632,-1.923,-0.865,27.488
PRT,1989,6.649,5.059,10.005,12.611,8.496,18.697,0.256,1.559,27.925
PRT,1990,7.859,4.225,9.983,13.37,16.121,12.976,-0.228,5.325,27.974
PRT,1991,3.37,4.138,9.96,11.428,8.363,0.451,-0.797,4.865,24.395
PRT,1992,3.13,3.86,9.953,8.863,10.993,5.445,-0.17,4.369,25.101
PRT,1993,-0.687,5.127,9.965,5.93,-1.534,1.304,0.245,0.212,22.462
PRT,1994,1.489,6.34,9.992,4.971,10.565,10.465,-2.203,-1.54,20.705
PRT,1995,2.307,7.917,10.026,3.969,9.436,13.588,-0.112,-2.387,20.268
PRT,1996,3.504,8.015,10.064,2.936,5.152,5.711,-4.49,-1.558,19.565
PRT,1997,4.401,7.51,10.109,1.89,4.346,2.022,-6.109,-1.558,19.857
PRT,1998,4.808,5.72,10.16,2.215,21.276,15.097,-7.548,1.904,20.334
PRT,1999,3.907,5.169,10.218,2.17,1.965,0.056,-8.868,2.977,20.256
PRT,2000,3.816,4.717,10.29,2.805,-7.684,-3.856,-10.796,4.098,17.924
PRT,2001,1.944,4.801,10.363,4.41,3.074,4.038,-10.449,3.574,18.039
PRT,2002,0.771,5.779,10.42,3.701,4.362,9.948,-8.383,2.219,17.315
PRT,2003,-0.931,7.038,10.459,3.237,10.961,17.499,-6.634,-0.475,16.451
PRT,2004,1.789,7.392,10.484,2.51,8.428,6.118,-7.957,-0.134,15.595
PRT,2005,0.782,8.343,10.503,2.13,-4.63,-5.129,-9.585,-0.648,13.593
PRT,2006,1.625,8.408,10.522,3.046,4.872,11.228,-10.26,-0.192,12.929
PRT,2007,2.507,8.722,10.543,2.422,10.34,13.691,-9.62,1.264,13.395
PRT,2008,0.319,8.315,10.558,2.652,2.194,0.15,-11.833,0.712,11.416
PRT,2009,-3.122,10.177,10.568,-0.903,-15.739,-14.992,-10.294,-2.982,10.955
PRT,2010,1.738,11.506,10.573,1.391,-4.515,-1.68,-10.256,-1.579,10.738
PRT,2011,-1.696,13.445,10.558,3.554,-4.685,9.313,-5.978,-3.406,13.443
PRT,2012,-4.057,16.516,10.515,2.776,-11.852,-2.869,-1.613,-7.227,13.909
PRT,2013,-0.923,17.092,10.457,0.44,7.426,12.379,1.636,-7.8,15.666
PRT,2014,0.792,14.535,10.401,-0.16,8.998,5.313,0.158,-6.833,15.175
PRT,2015,1.792,12.939,10.358,0.508,8.088,6.341,0.23,-5.141,15.845
PRT,2016,2.019,11.452,10.326,0.636,5.027,4.191,1.172,-3.577,16.475
PRT,2017,3.506,9.208,10.3,1.556,7.998,7.966,1.295,-1.086,18.228
PRT,2018,2.849,7.175,10.284,1.168,5.055,4.15,0.554,0.327,18.543
PRT,2019,2.683,6.675,10.286,0.3,5.125,3.978,0.435,1.397,18.625
PRT,2020,-8.301,7.15,10.297,-0.121,-11.848,-18.834,-1.039,-4.757,17.879
PRT,2021,5.737,6.692,10.295,0.941,12.151,12.282,-0.757,-2.271,19.87
PRT,2022,6.828,6.142,10.299,8.103,10.85,17.58,-1.148,1.791,19.503
PRT,2023,2.28,6.583,10.309,5.264,2.247,4.057,1.372,1.515,20.915
SVK,1993,6.206,12.7,5.337,13.464,-4.733,14.758,-4.746,2.672,20.047
SVK,1994,6.206,14.6,5.367,13.464,-4.733,14.758,4.193,2.775,25.697
SVK,1995,7.872,13.7,5.397,9.901,12.226,6.171,2.686,3.292,26.141
SVK,1996,6.941,12.6,5.408,5.782,17.441,-1.284,-9.667,2.362,23.96
SVK,1997,4.445,11.882,5.379,6.033,7.888,5.856,-8.8,6.529,26.182
SVK,1998,4.076,12.725,5.388,6.691,-2.273,-2.562,-9.573,4.565,24.892
SVK,1999,-0.106,16.492,5.393,10.461,-3.972,10.088,-4.466,0.191,24.802
SVK,2000,1.167,18.9,5.399,12.161,7.558,9.075,-3.083,-2.218,23.912
SVK,2001,3.254,19.458,5.379,7.144,17.931,10.504,-7.979,-3.058,22.736
SVK,2002,4.51,18.825,5.379,3.489,5.444,7.393,-7.603,-2.849,22.528
SVK,2003,5.499,17.7,5.375,8.417,8.59,20.081,-4.893,-1.82,20.819
SVK,2004,5.279,18.358,5.372,7.451,21.653,20.587,-5.85,-1.488,20.555
SVK,2005,6.624,16.358,5.373,2.779,15.254,12.834,-7.287,-0.324,22.423
SVK,2006,8.493,13.442,5.373,4.266,20.087,23.429,-7.026,2.027,21.722
SVK,2007,10.832,11.217,5.373,1.9,8.89,13.941,-4.8,6.535,23.497
SVK,2008,5.574,9.592,5.376,3.95,4.234,3.089,-6.358,6.951,21.706
SVK,2009,-5.455,12.1,5.382,0.937,-19.056,-16.464,-3.443,-3.195,17.122
SVK,2010,6.717,14.433,5.39,0.699,16.336,17.18,-4.629,-1.462,19.866
SVK,2011,2.671,13.617,5.392,4.072,8.063,10.804,-4.872,-2.112,20.926
SVK,2012,1.319,13.908,5.404,3.731,2.273,9.264,0.929,-2.818,21.309
SVK,2013,0.633,14.175,5.411,1.459,5.498,5.893,1.851,-3.194,22.939
SVK,2014,2.697,13.108,5.416,-0.093,4.991,3.982,1.14,-1.764,23.203
SVK,2015,5.167,11.475,5.421,-0.33,8.029,6.348,-2.083,1.302,22.627
SVK,2016,1.944,9.658,5.426,-0.473,4.963,5.106,-2.734,1.183,20.166
SVK,2017,2.938,8.058,5.435,1.393,4.663,4.047,-1.911,1.364,21.438
SVK,2018,4.03,6.508,5.443,2.531,4.069,4.687,-2.196,1.516,21.253
SVK,2019,2.511,5.717,5.45,2.771,2.177,0.788,-3.349,1.118,20.477
SVK,2020,-3.335,6.633,5.458,2.016,-8.268,-6.431,0.552,-3.07,19.991
SVK,2021,4.789,6.808,5.46,2.828,11.629,10.419,-2.459,-0.997,19.693
SVK,2022,1.75,6.175,5.435,12.135,4.498,3.143,-8.152,-0.419,15.224
SVK,2023,1.15,5.842,5.429,10.962,4.498,3.143,-8.152,-0.429,17.327
SVN,1992,2.8,7.836,1.999,31.93,16.8,1.0,5.642,-2.617,18.316
SVN,1993,2.8,8.591,1.989,31.93,16.8,1.0,1.696,-2.617,18.832
SVN,1994,5.3,8.497,1.989,20.872,12.8,12.8,3.353,-2.617,25.037
SVN,1995,4.1,7.0,1.989,13.572,10.8,0.9,-0.453,-2.617,23.556
SVN,1996,3.203,6.892,1.99,9.919,2.397,2.972,0.068,-2.831,23.744
SVN,1997,5.05,6.917,1.987,8.342,11.69,11.634,0.108,-1.69,24.868
SVN,1998,3.28,7.367,1.985,7.948,10.059,7.821,-0.662,-1.082,25.144
SVN,1999,5.332,7.408,1.978,6.121,8.409,2.005,-3.23,-4.773,24.448
SVN,2000,3.673,6.742,1.988,8.935,6.619,12.593,-2.766,-5.315,24.787
SVN,2001,3.217,6.192,1.99,8.38,3.623,7.181,0.04,-6.46,25.36
SVN,2002,3.506,6.342,1.994,7.481,5.625,7.784,0.875,-5.195,25.446
SVN,2003,2.96,6.725,1.995,5.544,6.464,3.16,-0.81,-4.061,25.082
SVN,2004,4.359,6.325,1.996,3.593,13.969,13.041,-2.692,-1.897,25.59
SVN,2005,3.798,6.55,1.998,2.452,7.337,11.366,-1.8,-0.097,26.19
SVN,2006,5.746,6.0,2.003,2.458,12.388,14.122,-1.836,2.882,28.27
SVN,2007,6.98,4.875,2.01,3.657,17.057,13.858,-4.138,7.167,28.662
SVN,2008,3.51,4.425,2.01,5.647,4.09,4.183,-5.319,8.572,27.303
SVN,2009,-7.549,5.9,2.032,0.839,-18.386,-16.56,-1.081,-0.72,22.037
SVN,2010,1.344,7.25,2.047,1.801,6.633,10.161,-0.768,-0.575,21.219
SVN,2011,0.861,8.225,2.05,1.803,5.315,6.868,-0.836,-0.655,20.667
SVN,2012,-2.64,8.9,2.055,2.597,-3.536,0.496,1.295,-4.16,19.637
SVN,2013,-1.029,10.1,2.059,1.769,2.111,3.061,3.3,-5.834,21.902
SVN,2014,2.768,9.75,2.061,0.199,4.157,6.011,5.097,-4.473,24.514
SVN,2015,2.21,9.0,2.063,-0.526,4.318,4.741,3.817,-3.53,23.065
SVN,2016,3.192,8.025,2.064,-0.055,6.289,6.163,4.776,-1.833,23.264
SVN,2017,4.816,6.575,2.066,1.429,10.672,11.071,6.217,0.708,26.392
SVN,2018,4.455,5.125,2.067,1.739,7.086,6.155,5.874,2.884,27.447
SVN,2019,3.523,4.45,2.081,1.631,4.669,4.482,5.854,3.891,26.641
SVN,2020,-4.241,5.0,2.096,-0.055,-9.118,-8.529,7.222,-2.239,27.462
SVN,2021,8.229,4.725,2.109,1.917,17.787,14.474,3.312,2.303,25.192
SVN,2022,2.461,4.0,2.107,8.834,8.992,7.163,-1.014,1.903,23.489
SVN,2023,1.587,3.675,2.117,7.447,-5.069,-1.967,4.476,0.712,25.12
